date,ticker,close,volume
2023-11-01,AAA,172.28248596191406,56934900
2023-11-01,AMD,108.04000091552734,138641500
2023-11-01,AMZN,137.0,61529400
2023-11-01,AVGO,83.18382263183594,18684000
2023-11-01,BBB,340.93212890625,28158800
2023-11-01,GOOGL,125.58383178710938,30082400
2023-11-01,META,309.9393005371094,20434600
2023-11-01,NFLX,420.19000244140625,4806100
2023-11-01,NVDA,42.30007553100586,437593000
2023-11-01,TSLA,205.66000366210938,121661700
2023-11-02,AAA,175.8475799560547,77334800
2023-11-02,AMD,107.83000183105469,71377000
2023-11-02,AMZN,138.07000732421875,52236700
2023-11-02,AVGO,84.97439575195312,18759000
2023-11-02,BBB,343.1487731933594,24348100
2023-11-02,GOOGL,126.61671447753906,27124600
2023-11-02,META,308.96533203125,21631800
2023-11-02,NFLX,424.7099914550781,4476000
2023-11-02,NVDA,43.48037338256836,409172000
2023-11-02,TSLA,218.50999450683594,125987600
2023-11-03,AAA,174.9364776611328,79829200
2023-11-03,AMD,112.25,65632200
2023-11-03,AMZN,138.60000610351562,44059800
2023-11-03,AVGO,86.08423614501953,18041000
2023-11-03,BBB,347.5622253417969,23637700
2023-11-03,GOOGL,128.21568298339844,26393100
2023-11-03,META,312.6725158691406,16764300
2023-11-03,NFLX,432.3599853515625,3667100
2023-11-03,NVDA,44.978492736816406,424610000
2023-11-03,TSLA,219.9600067138672,119534800
2023-11-06,AAA,177.49148559570312,63841300
2023-11-06,AMD,111.75,49270400
2023-11-06,AMZN,139.74000549316406,44970400
2023-11-06,AVGO,85.90380859375,12870000
2023-11-06,BBB,351.23687744140625,23828300
2023-11-06,GOOGL,129.35780334472656,19052700
2023-11-06,META,313.8651123046875,12887700
2023-11-06,NFLX,434.739990234375,3003200
2023-11-06,NVDA,45.72404861450195,400733000
2023-11-06,TSLA,219.27000427246094,117335800
2023-11-07,AAA,180.05636596679688,70530000
2023-11-07,AMD,113.44999694824219,50550200
2023-11-07,AMZN,142.7100067138672,53553500
2023-11-07,AVGO,87.56077575683594,19365000
2023-11-07,BBB,355.1775207519531,25833900
2023-11-07,GOOGL,130.0728759765625,29757300
2023-11-07,META,316.8666076660156,14055600
2023-11-07,NFLX,434.6099853515625,3291100
2023-11-07,NVDA,45.92793273925781,343165000
2023-11-07,TSLA,222.17999267578125,116900100
2023-11-08,AAA,181.115966796875,49340300
2023-11-08,AMD,113.58999633789062,41880600
2023-11-08,AMZN,142.0800018310547,44521700
2023-11-08,AVGO,88.85884857177734,15280000
2023-11-08,BBB,357.807861328125,26767800
2023-11-08,GOOGL,130.93690490722656,26425800
2023-11-08,META,317.82073974609375,13609700
2023-11-08,NFLX,436.6499938964844,2356800
2023-11-08,NVDA,46.546566009521484,346719000
2023-11-08,TSLA,222.11000061035156,106584800
2023-11-09,AAA,180.64064025878906,53763500
2023-11-09,AMD,113.48999786376953,61146900
2023-11-09,AMZN,140.60000610351562,36235400
2023-11-09,AVGO,88.88323211669922,24486000
2023-11-09,BBB,355.3351135253906,24847300
2023-11-09,GOOGL,129.34788513183594,23747800
2023-11-09,META,318.58599853515625,16103100
2023-11-09,NFLX,435.1499938964844,2735500
2023-11-09,NVDA,46.92234420776367,540496000
2023-11-09,TSLA,209.97999572753906,142110500
2023-11-10,AAA,184.83509826660156,66133400
2023-11-10,AMD,118.58999633789062,75135900
2023-11-10,AMZN,143.55999755859375,49287800
2023-11-10,AVGO,93.38308715820312,36272000
2023-11-10,BBB,364.1817932128906,28042100
2023-11-10,GOOGL,131.68179321289062,26913300
2023-11-10,META,326.7556457519531,19096200
2023-11-10,NFLX,447.239990234375,4440600
2023-11-10,NVDA,48.30652618408203,421245000
2023-11-10,TSLA,214.64999389648438,130994000
2023-11-13,AAA,183.24856567382812,43627500
2023-11-13,AMD,116.79000091552734,46741900
2023-11-13,AMZN,142.58999633789062,35680600
2023-11-13,AVGO,92.35028839111328,16893000
2023-11-13,BBB,361.2362060546875,19986500
2023-11-13,GOOGL,131.1851806640625,18324800
2023-11-13,META,327.173095703125,16908900
2023-11-13,NFLX,444.6199951171875,2896100
2023-11-13,NVDA,48.59135818481445,384136000
2023-11-13,TSLA,223.7100067138672,140447600
2023-11-14,AAA,185.86639404296875,60108400
2023-11-14,AMD,119.87999725341797,61017400
2023-11-14,AMZN,145.8000030517578,56674600
2023-11-14,AVGO,94.8888931274414,23886000
2023-11-14,BBB,364.7728576660156,27683900
2023-11-14,GOOGL,132.7047119140625,32395200
2023-11-14,META,334.24945068359375,17179400
2023-11-14,NFLX,448.6499938964844,4060900
2023-11-14,NVDA,49.62675094604492,416954000
2023-11-14,TSLA,237.41000366210938,149771600
2023-11-15,AAA,186.43157958984375,53790500
2023-11-15,AMD,118.0,59555600
2023-11-15,AMZN,143.1999969482422,63875700
2023-11-15,AVGO,95.1268539428711,16099000
2023-11-15,BBB,364.9209899902344,26860100
2023-11-15,GOOGL,133.69786071777344,23861500
2023-11-15,META,330.6715087890625,14531200
2023-11-15,NFLX,461.94000244140625,5035300
2023-11-15,NVDA,48.85919952392578,475497000
2023-11-15,TSLA,242.83999633789062,150354000
2023-11-16,AAA,188.11732482910156,54412900
2023-11-16,AMD,119.83000183105469,49661900
2023-11-16,AMZN,142.8300018310547,49653500
2023-11-16,AVGO,93.58106231689453,26198000
2023-11-16,BBB,371.3375244140625,27182300
2023-11-16,GOOGL,135.99205017089844,28013200
2023-11-16,META,332.1424865722656,18932600
2023-11-16,NFLX,466.95001220703125,3656000
2023-11-16,NVDA,49.45085906982422,339756000
2023-11-16,TSLA,233.58999633789062,136816800
2023-11-17,AAA,188.09750366210938,50922700
2023-11-17,AMD,120.62000274658203,38508900
2023-11-17,AMZN,145.17999267578125,49636700
2023-11-17,AVGO,95.35408782958984,19789000
2023-11-17,BBB,365.0986633300781,40157000
2023-11-17,GOOGL,134.3831329345703,37240600
2023-11-17,META,332.9872131347656,14494400
2023-11-17,NFLX,465.9100036621094,2798500
2023-11-17,NVDA,49.26896667480469,325205000
2023-11-17,TSLA,234.3000030517578,142532800
2023-11-20,AAA,189.8427276611328,46505100
2023-11-20,AMD,121.52999877929688,43138700
2023-11-20,AMZN,146.1300048828125,41951200
2023-11-20,AVGO,97.10761260986328,18674000
2023-11-20,BBB,372.5911560058594,52465100
2023-11-20,GOOGL,135.31671142578125,27815500
2023-11-20,META,337.8869934082031,16960500
2023-11-20,NFLX,474.4700012207031,3617600
2023-11-20,NVDA,50.379310607910156,414120000
2023-11-20,TSLA,235.60000610351562,116320100
2023-11-21,AAA,189.03955078125,38134500
2023-11-21,AMD,119.16000366210938,41064800
2023-11-21,AMZN,143.89999389648438,71226000
2023-11-21,AVGO,95.69249725341797,43344000
2023-11-21,BBB,368.2773132324219,28423100
2023-11-21,GOOGL,136.0317840576172,22635300
2023-11-21,META,334.91534423828125,12027900
2023-11-21,NFLX,474.95001220703125,2997700
2023-11-21,NVDA,49.91457748413086,565747000
2023-11-21,TSLA,241.1999969482422,122288000
2023-11-22,AAA,189.7039031982422,39617700
2023-11-22,AMD,122.51000213623047,56862200
2023-11-22,AMZN,146.7100067138672,45669100
2023-11-22,AVGO,94.7952651977539,33743000
2023-11-22,BBB,372.9958801269531,23345300
2023-11-22,GOOGL,137.54135131835938,17813900
2023-11-22,META,339.397705078125,10702700
2023-11-22,NFLX,478.0,2841600
2023-11-22,NVDA,48.68730926513672,899420000
2023-11-22,TSLA,234.2100067138672,117950600
2023-11-24,AAA,188.37515258789062,24048300
2023-11-24,AMD,122.30999755859375,19001000
2023-11-24,AMZN,146.74000549316406,22378400
2023-11-24,AVGO,95.46526336669922,23158000
2023-11-24,BBB,372.5812683105469,10176600
2023-11-24,GOOGL,135.75369262695312,12514300
2023-11-24,META,336.15771484375,5467500
2023-11-24,NFLX,479.55999755859375,1404700
2023-11-24,NVDA,47.74785614013672,294645000
2023-11-24,TSLA,235.4499969482422,65125200
2023-11-27,AAA,188.1966552734375,40552600
2023-11-27,AMD,122.6500015258789,32743000
2023-11-27,AMZN,147.72999572753906,53762400
2023-11-27,AVGO,92.67311096191406,96962000
2023-11-27,BBB,373.7461242675781,22179200
2023-11-27,GOOGL,135.4756317138672,23436500
2023-11-27,META,332.6493225097656,15684500
2023-11-27,NFLX,479.1700134277344,3625900
2023-11-27,NVDA,48.213584899902344,395662000
2023-11-27,TSLA,236.0800018310547,112031800
2023-11-28,AAA,188.80152893066406,38415400
2023-11-28,AMD,122.01000213623047,32047100
2023-11-28,AMZN,147.02999877929688,42711700
2023-11-28,AVGO,92.29371643066406,39025000
2023-11-28,BBB,377.7835998535156,20453100
2023-11-28,GOOGL,136.2601776123047,18730000
2023-11-28,META,336.9129943847656,12637200
2023-11-28,NFLX,479.0,2890200
2023-11-28,NVDA,47.79282760620117,401491000
2023-11-28,TSLA,246.72000122070312,148549900
2023-11-29,AAA,187.78018188476562,43014200
2023-11-29,AMD,123.8499984741211,37876300
2023-11-29,AMZN,146.32000732421875,40610900
2023-11-29,AVGO,91.75538635253906,34843000
2023-11-29,BBB,373.9830017089844,28963400
2023-11-29,GOOGL,134.06532287597656,23967200
2023-11-29,META,330.1646728515625,16024500
2023-11-29,NFLX,477.19000244140625,2855500
2023-11-29,NVDA,48.11164474487305,382005000
2023-11-29,TSLA,244.13999938964844,135401300
2023-11-30,AAA,188.35531616210938,48794400
2023-11-30,AMD,121.16000366210938,44494200
2023-11-30,AMZN,146.08999633789062,65814000
2023-11-30,AVGO,90.2827377319336,49571000
2023-11-30,BBB,374.04229736328125,30554400
2023-11-30,GOOGL,131.62217712402344,38988300
2023-11-30,META,325.14556884765625,23146400
2023-11-30,NFLX,473.9700012207031,4287300
2023-11-30,NVDA,46.742454528808594,526247000
2023-11-30,TSLA,240.0800018310547,132353200
2023-12-01,AAA,189.63450622558594,45704800
2023-12-01,AMD,121.38999938964844,37048000
2023-12-01,AMZN,147.02999877929688,39951800
2023-12-01,AVGO,90.69918060302734,29612000
2023-12-01,BBB,369.6987609863281,33040500
2023-12-01,GOOGL,130.95680236816406,31442300
2023-12-01,META,322.8298645019531,15276400
2023-12-01,NFLX,465.739990234375,4341500
2023-12-01,NVDA,46.737457275390625,369317000
2023-12-01,TSLA,238.8300018310547,121331700
2023-12-04,AAA,187.8396759033203,43389500
2023-12-04,AMD,118.56999969482422,39854400
2023-12-04,AMZN,144.83999633789062,48294200
2023-12-04,AVGO,90.11109161376953,25009000
2023-12-04,BBB,364.39776611328125,32063300
2023-12-04,GOOGL,128.38450622558594,36669900
2023-12-04,META,318.05926513671875,19037100
2023-12-04,NFLX,453.8999938964844,5157700
2023-12-04,NVDA,45.48318862915039,437543000
2023-12-04,TSLA,235.5800018310547,104099800
2023-12-05,AAA,191.79620361328125,66628400
2023-12-05,AMD,118.37999725341797,39191600
2023-12-05,AMZN,146.8800048828125,46822400
2023-12-05,AVGO,89.05291748046875,37066000
2023-12-05,BBB,367.7343444824219,23065000
2023-12-05,GOOGL,130.09275817871094,27384800
2023-12-05,META,316.3398742675781,16952100
2023-12-05,NFLX,455.1499938964844,3380700
2023-12-05,NVDA,46.542659759521484,371718000
2023-12-05,TSLA,238.72000122070312,137971100
2023-12-06,AAA,190.7054443359375,41089700
2023-12-06,AMD,116.81999969482422,60599000
2023-12-06,AMZN,144.52000427246094,39679000
2023-12-06,AVGO,88.1283950805664,24813000
2023-12-06,BBB,364.0621032714844,21182100
2023-12-06,GOOGL,129.12939453125,23576200
2023-12-06,META,315.5050048828125,11294300
2023-12-06,NFLX,446.7300109863281,4178800
2023-12-06,NVDA,45.480194091796875,380590000
2023-12-06,TSLA,239.3699951171875,126436200
2023-12-07,AAA,192.63905334472656,47477700
2023-12-07,AMD,128.3699951171875,118579100
2023-12-07,AMZN,146.8800048828125,52352800
2023-12-07,AVGO,89.94432067871094,43517000
2023-12-07,BBB,366.18450927734375,23118900
2023-12-07,GOOGL,135.99205017089844,56767100
2023-12-07,META,324.5889892578125,15905100
2023-12-07,NFLX,452.0,3506700
2023-12-07,NVDA,46.57264709472656,350823000
2023-12-07,TSLA,242.63999938964844,107142300
2023-12-08,AAA,194.0669708251953,53406400
2023-12-08,AMD,128.9199981689453,89341000
2023-12-08,AMZN,147.4199981689453,41906000
2023-12-08,AVGO,92.09378051757812,69668000
2023-12-08,BBB,369.42242431640625,20154400
2023-12-08,GOOGL,134.06532287597656,32260100
2023-12-08,META,330.71124267578125,14087400
2023-12-08,NFLX,453.760009765625,3458400
2023-12-08,NVDA,47.48219299316406,359224000
2023-12-08,TSLA,243.83999633789062,103126800
2023-12-11,AAA,191.55819702148438,60943700
2023-12-11,AMD,134.41000366210938,98668300
2023-12-11,AMZN,145.88999938964844,50907300
2023-12-11,AVGO,100.3776626586914,101184000
2023-12-11,BBB,366.52996826171875,27708800
2023-12-11,GOOGL,132.37698364257812,31138000
2023-12-11,META,323.2870178222656,25802500
2023-12-11,NFLX,459.8900146484375,4929700
2023-12-11,NVDA,46.603633880615234,509728000
2023-12-11,TSLA,239.74000549316406,97913900
2023-12-12,AAA,193.07537841796875,52696900
2023-12-12,AMD,137.61000061035156,111677800
2023-12-12,AMZN,147.47999572753906,44944300
2023-12-12,AVGO,104.57516479492188,90242000
2023-12-12,BBB,369.5704650878906,24838300
2023-12-12,GOOGL,131.6122589111328,29032800
2023-12-12,META,332.1722717285156,18485500
2023-12-12,NFLX,463.0,3302700
2023-12-12,NVDA,47.633121490478516,372387000
2023-12-12,TSLA,237.00999450683594,95328300
2023-12-13,AAA,196.29806518554688,70404200
2023-12-13,AMD,138.19000244140625,70651600
2023-12-13,AMZN,148.83999633789062,52766200
2023-12-13,AVGO,106.27310180664062,71654000
2023-12-13,BBB,369.5605773925781,30955500
2023-12-13,GOOGL,131.66189575195312,30104800
2023-12-13,META,332.6890869140625,16353300
2023-12-13,NFLX,479.9800109863281,5820200
2023-12-13,NVDA,48.06390380859375,447792000
2023-12-13,TSLA,239.2899932861328,146286300
2023-12-14,AAA,196.4468231201172,66831600
2023-12-14,AMD,138.0,76115200
2023-12-14,AMZN,147.4199981689453,58400800
2023-12-14,AVGO,107.91153717041016,66964000
2023-12-14,BBB,361.22900390625,43277500
2023-12-14,GOOGL,131.03623962402344,38722400
2023-12-14,META,331.1286926269531,19607300
2023-12-14,NFLX,469.8299865722656,5176400
2023-12-14,NVDA,48.32576370239258,391232000
2023-12-14,TSLA,251.0500030517578,160829200
2023-12-15,AAA,195.91136169433594,128538400
2023-12-15,AMD,139.14999389648438,70211800
2023-12-15,AMZN,149.97000122070312,110089300
2023-12-15,AVGO,110.17901611328125,118544000
2023-12-15,BBB,365.96734619140625,78502300
2023-12-15,GOOGL,131.6917266845703,50847100
2023-12-15,META,332.8679504394531,31776900
2023-12-15,NFLX,472.05999755859375,7841000
2023-12-15,NVDA,48.86549377441406,479948000
2023-12-15,TSLA,253.5,135932800
2023-12-18,AAA,194.24546813964844,55751900
2023-12-18,AMD,138.89999389648438,45199500
2023-12-18,AMZN,154.07000732421875,62512800
2023-12-18,AVGO,111.86231231689453,54741000
2023-12-18,BBB,367.8626403808594,21802900
2023-12-18,GOOGL,134.86978149414062,32258000
2023-12-18,META,342.508544921875,18993900
2023-12-18,NFLX,486.1199951171875,6410700
2023-12-18,NVDA,50.051902770996094,412587000
2023-12-18,TSLA,252.0800018310547,116416500
2023-12-19,AAA,195.28663635253906,40714100
2023-12-19,AMD,140.14999389648438,63739800
2023-12-19,AMZN,153.7899932861328,43171300
2023-12-19,AVGO,111.64971160888672,36020000
2023-12-19,BBB,368.4648742675781,20603700
2023-12-19,GOOGL,135.71397399902344,25476800
2023-12-19,META,348.2134094238281,17729400
2023-12-19,NFLX,495.0199890136719,3849000
2023-12-19,NVDA,49.57913589477539,464444000
2023-12-19,TSLA,257.2200012207031,106737400
2023-12-20,AAA,193.19435119628906,52242800
2023-12-20,AMD,135.47000122070312,54671700
2023-12-20,AMZN,152.1199951171875,50322100
2023-12-20,AVGO,108.78885650634766,34523000
2023-12-20,BBB,365.8587341308594,26316700
2023-12-20,GOOGL,137.39239501953125,49107200
2023-12-20,META,347.1399841308594,16369900
2023-12-20,NFLX,489.2699890136719,4563700
2023-12-20,NVDA,48.086883544921875,397894000
2023-12-20,TSLA,247.13999938964844,125097000
2023-12-21,AAA,193.04559326171875,46482500
2023-12-21,AMD,139.91000366210938,47179400
2023-12-21,AMZN,153.83999633789062,36305700
2023-12-21,AVGO,110.44558715820312,24106000
2023-12-21,BBB,368.7412414550781,17708000
2023-12-21,GOOGL,139.4581298828125,27488300
2023-12-21,META,351.9205322265625,15289600
2023-12-21,NFLX,491.6099853515625,2756200
2023-12-21,NVDA,48.9654541015625,300425000
2023-12-21,TSLA,254.5,109594200
2023-12-22,AAA,191.9746856689453,37149600
2023-12-22,AMD,139.60000610351562,35396600
2023-12-22,AMZN,153.4199981689453,29514100
2023-12-22,AVGO,109.92535400390625,19089000
2023-12-22,BBB,369.7678527832031,17107500
2023-12-22,GOOGL,140.5208282470703,26532200
2023-12-22,META,351.22479248046875,11772800
2023-12-22,NFLX,486.760009765625,2702700
2023-12-22,NVDA,48.80552673339844,252507000
2023-12-22,TSLA,252.5399932861328,93370100
2023-12-26,AAA,191.42930603027344,28919300
2023-12-26,AMD,143.41000366210938,47157400
2023-12-26,AMZN,153.41000366210938,25067200
2023-12-26,AVGO,110.89629364013672,16793000
2023-12-26,BBB,369.8468933105469,12673100
2023-12-26,GOOGL,140.5506134033203,16780300
2023-12-26,META,352.656005859375,9898600
2023-12-26,NFLX,491.19000244140625,2034500
2023-12-26,NVDA,49.25429916381836,244200000
2023-12-26,TSLA,256.6099853515625,86892400
2023-12-27,AAA,191.52845764160156,48087700
2023-12-27,AMD,146.07000732421875,49033400
2023-12-27,AMZN,153.33999633789062,31434700
2023-12-27,AVGO,110.33586883544922,20055000
2023-12-27,BBB,369.26446533203125,14905400
2023-12-27,GOOGL,139.40847778320312,19628600
2023-12-27,META,355.6375427246094,13207900
2023-12-27,NFLX,491.7900085449219,2561300
2023-12-27,NVDA,49.392234802246094,233648000
2023-12-27,TSLA,261.44000244140625,106494400
2023-12-28,AAA,191.95484924316406,34049900
2023-12-28,AMD,148.75999450683594,63800700
2023-12-28,AMZN,153.3800048828125,27057000
2023-12-28,AVGO,109.96748352050781,21247000
2023-12-28,BBB,370.45892333984375,14327000
2023-12-28,GOOGL,139.2694549560547,16045700
2023-12-28,META,356.12457275390625,11798800
2023-12-28,NFLX,490.510009765625,1710500
2023-12-28,NVDA,49.4971809387207,246587000
2023-12-28,TSLA,253.17999267578125,113619900
2023-12-29,AAA,190.9136505126953,42672100
2023-12-29,AMD,147.41000366210938,62079200
2023-12-29,AMZN,151.94000244140625,39823200
2023-12-29,AVGO,109.36396026611328,20558000
2023-12-29,BBB,371.2090759277344,18730800
2023-12-29,GOOGL,138.73313903808594,18733000
2023-12-29,META,351.79132080078125,14987100
2023-12-29,NFLX,486.8800048828125,2740600
2023-12-29,NVDA,49.4971809387207,389293000
2023-12-29,TSLA,248.47999572753906,100891600
2024-01-02,AAA,184.0814971923828,82488700
2024-01-02,AMD,138.5800018310547,64902000
2024-01-02,AMZN,149.92999267578125,47339400
2024-01-02,AVGO,106.3395004272461,28831000
2024-01-02,BBB,366.10552978515625,25258600
2024-01-02,GOOGL,137.22354125976562,23711200
2024-01-02,META,344.1683044433594,19042200
2024-01-02,NFLX,468.5,5049400
2024-01-02,NVDA,48.14385986328125,411254000
2024-01-02,TSLA,248.4199981689453,104654200
2024-01-03,AAA,182.7031707763672,58414500
2024-01-03,AMD,135.32000732421875,61988600
2024-01-03,AMZN,148.47000122070312,49425500
2024-01-03,AVGO,103.7137680053711,34735000
2024-01-03,BBB,365.8390197753906,23083500
2024-01-03,GOOGL,137.96841430664062,24212100
2024-01-03,META,342.35943603515625,15451100
2024-01-03,NFLX,470.260009765625,3443700
2024-01-03,NVDA,47.54515838623047,320896000
2024-01-03,TSLA,238.4499969482422,121082600
2024-01-04,AAA,180.38282775878906,71983600
2024-01-04,AMD,136.00999450683594,58610300
2024-01-04,AMZN,144.57000732421875,56039800
2024-01-04,AVGO,102.77615356445312,25658000
2024-01-04,BBB,363.213134765625,20901500
2024-01-04,GOOGL,135.4557342529297,27137700
2024-01-04,META,344.9932556152344,12099900
2024-01-04,NFLX,474.6700134277344,3636500
2024-01-04,NVDA,47.97394943237305,306535000
2024-01-04,TSLA,237.92999267578125,102629300
2024-01-05,AAA,179.658935546875,62379700
2024-01-05,AMD,138.5800018310547,69657700
2024-01-05,AMZN,145.24000549316406,45153100
2024-01-05,AVGO,102.80261993408203,22475000
2024-01-05,BBB,363.025634765625,21004600
2024-01-05,GOOGL,134.80026245117188,22513900
2024-01-05,META,349.79364013671875,13920700
2024-01-05,NFLX,474.05999755859375,2631300
2024-01-05,NVDA,49.07239532470703,415039000
2024-01-05,TSLA,237.49000549316406,92488900
2024-01-08,AAA,184.00216674804688,59144500
2024-01-08,AMD,146.17999267578125,71756900
2024-01-08,AMZN,149.10000610351562,46757100
2024-01-08,AVGO,105.30781555175781,33110000
2024-01-08,BBB,369.8764953613281,23134000
2024-01-08,GOOGL,137.88897705078125,21404000
2024-01-08,META,356.4625244140625,13890200
2024-01-08,NFLX,485.0299987792969,3675800
2024-01-08,NVDA,52.22681427001953,642510000
2024-01-08,TSLA,240.4499969482422,85166600
2024-01-09,AAA,183.585693359375,42841800
2024-01-09,AMD,149.25999450683594,67875700
2024-01-09,AMZN,151.3699951171875,43812600
2024-01-09,AVGO,106.05635070800781,23225000
2024-01-09,BBB,370.9623718261719,20830000
2024-01-09,GOOGL,139.98451232910156,24759600
2024-01-09,META,355.2400207519531,13463900
2024-01-09,NFLX,482.0899963378906,3526800
2024-01-09,NVDA,53.113372802734375,773100000
2024-01-09,TSLA,234.9600067138672,96705700
2024-01-10,AAA,184.6268768310547,46792900
2024-01-10,AMD,148.5399932861328,56951200
2024-01-10,AMZN,153.72999572753906,44421800
2024-01-10,AVGO,105.86823272705078,17643000
2024-01-10,BBB,377.8526611328125,25514200
2024-01-10,GOOGL,141.30540466308594,21320200
2024-01-10,META,368.2001953125,22117200
2024-01-10,NFLX,478.3299865722656,4342400
2024-01-10,NVDA,54.3227653503418,533796000
2024-01-10,TSLA,233.94000244140625,91628500
2024-01-11,AAA,184.0319061279297,49128400
2024-01-11,AMD,148.02000427246094,62764600
2024-01-11,AMZN,155.17999267578125,49072700
2024-01-11,AVGO,107.76991271972656,25757000
2024-01-11,BBB,379.6887512207031,27850800
2024-01-11,GOOGL,141.10678100585938,24008700
2024-01-11,META,367.40509033203125,17205400
2024-01-11,NFLX,492.2300109863281,7993300
2024-01-11,NVDA,54.79452133178711,596759000
2024-01-11,TSLA,227.22000122070312,105873600
2024-01-12,AAA,184.35914611816406,40477800
2024-01-12,AMD,146.55999755859375,48293100
2024-01-12,AMZN,154.6199951171875,40484200
2024-01-12,AVGO,108.5243148803711,26882000
2024-01-12,BBB,383.4794616699219,21661200
2024-01-12,GOOGL,141.67288208007812,18785500
2024-01-12,META,372.1955261230469,19310000
2024-01-12,NFLX,492.1600036621094,5003700
2024-01-12,NVDA,54.682579040527344,352994000
2024-01-12,TSLA,218.88999938964844,123043800
2024-01-16,AAA,182.08837890625,65603000
2024-01-16,AMD,158.74000549316406,112711400
2024-01-16,AMZN,153.16000366210938,41384600
2024-01-16,AVGO,109.23757934570312,26145000
2024-01-16,BBB,385.2563171386719,27202300
2024-01-16,GOOGL,141.5139923095703,22670500
2024-01-16,META,365.2085876464844,15306900
2024-01-16,NFLX,481.239990234375,4679000
2024-01-16,NVDA,56.35374450683594,449580000
2024-01-16,TSLA,219.91000366210938,115355000
2024-01-17,AAA,181.1463623046875,47317400
2024-01-17,AMD,160.1699981689453,104085000
2024-01-17,AMZN,151.7100067138672,34953400
2024-01-17,AVGO,108.13143157958984,18314000
2024-01-17,BBB,384.4665832519531,22234100
2024-01-17,GOOGL,140.50096130371094,20968600
2024-01-17,META,366.113037109375,12724800
2024-01-17,NFLX,480.3299865722656,4894600
2024-01-17,NVDA,56.02490997314453,474394000
2024-01-17,TSLA,215.5500030517578,103164400
2024-01-18,AAA,187.0464324951172,78005800
2024-01-18,AMD,162.6699981689453,131864900
2024-01-18,AMZN,153.5,37850200
2024-01-18,AVGO,112.07393646240234,32228000
2024-01-18,BBB,388.8100280761719,23392100
2024-01-18,GOOGL,142.4971923828125,25746400
2024-01-18,META,373.8254699707031,16354300
2024-01-18,NFLX,485.30999755859375,4054400
2024-01-18,NVDA,57.07837677001953,491650000
2024-01-18,TSLA,211.8800048828125,108595400
2024-01-19,AAA,189.95181274414062,68903000
2024-01-19,AMD,174.22999572753906,140367900
2024-01-19,AMZN,155.33999633789062,51651600
2024-01-19,AVGO,118.66663360595703,53077000
2024-01-19,BBB,393.5484313964844,29331100
2024-01-19,GOOGL,145.3773193359375,34271900
2024-01-19,META,381.1006164550781,21670800
2024-01-19,NFLX,482.95001220703125,5672400
2024-01-19,NVDA,59.461185455322266,543501000
2024-01-19,TSLA,212.19000244140625,102260300
2024-01-22,AAA,192.26223754882812,60133900
2024-01-22,AMD,168.17999267578125,122973800
2024-01-22,AMZN,154.77999877929688,43687500
2024-01-22,AVGO,119.57780456542969,31222000
2024-01-22,BBB,391.4161376953125,27016900
2024-01-22,GOOGL,144.99000549316406,32200400
2024-01-22,META,379.44085693359375,17680500
2024-01-22,NFLX,485.7099914550781,5212300
2024-01-22,NVDA,59.62411117553711,452955000
2024-01-22,TSLA,208.8000030517578,117952500
2024-01-23,AAA,193.54139709472656,42355600
2024-01-23,AMD,168.4199981689453,76830500
2024-01-23,AMZN,156.02000427246094,37986000
2024-01-23,AVGO,120.14703369140625,16952000
2024-01-23,BBB,393.7754211425781,20525900
2024-01-23,GOOGL,146.03280639648438,21636100
2024-01-23,META,382.8399353027344,15506100
2024-01-23,NFLX,492.19000244140625,15506000
2024-01-23,NVDA,59.84299850463867,294654000
2024-01-23,TSLA,209.13999938964844,106605900
2024-01-24,AAA,192.86712646484375,53631300
2024-01-24,AMD,178.2899932861328,125516400
2024-01-24,AMZN,156.8699951171875,48547300
2024-01-24,AVGO,122.84719848632812,34805000
2024-01-24,BBB,397.3883972167969,24867000
2024-01-24,GOOGL,147.68142700195312,25233500
2024-01-24,META,388.3062438964844,15698500
2024-01-24,NFLX,544.8699951171875,26432800
2024-01-24,NVDA,61.33124542236328,560271000
2024-01-24,TSLA,207.8300018310547,123369900
2024-01-25,AAA,192.53988647460938,54822100
2024-01-25,AMD,180.3300018310547,127171400
2024-01-25,AMZN,157.75,43638600
2024-01-25,AVGO,120.50855255126953,36356000
2024-01-25,BBB,399.66876220703125,21021200
2024-01-25,GOOGL,150.82969665527344,29149100
2024-01-25,META,390.77099609375,15091100
2024-01-25,NFLX,562.0,9451900
2024-01-25,NVDA,61.586124420166016,482777000
2024-01-25,TSLA,182.6300048828125,198076800
2024-01-26,AAA,190.8045654296875,44594000
2024-01-26,AMD,177.25,107381200
2024-01-26,AMZN,159.1199951171875,51047400
2024-01-26,AVGO,118.04743194580078,25818000
2024-01-26,BBB,398.7408447265625,17803300
2024-01-26,GOOGL,151.14752197265625,26115500
2024-01-26,META,391.7251281738281,13163700
2024-01-26,NFLX,570.4199829101562,12770600
2024-01-26,NVDA,61.00041198730469,390309000
2024-01-26,TSLA,183.25,107343200
2024-01-29,AAA,190.12037658691406,47145600
2024-01-29,AMD,177.8300018310547,89384500
2024-01-29,AMZN,161.25999450683594,45270400
2024-01-29,AVGO,119.31033325195312,21526000
2024-01-29,BBB,404.4564514160156,24510200
2024-01-29,GOOGL,152.45848083496094,27784300
2024-01-29,META,398.5629577636719,18742400
2024-01-29,NFLX,575.7899780273438,6905400
2024-01-29,NVDA,62.433692932128906,348733000
2024-01-29,TSLA,190.92999267578125,125013100
2024-01-30,AAA,186.4613494873047,55859400
2024-01-30,AMD,172.05999755859375,122265700
2024-01-30,AMZN,159.0,45207400
2024-01-30,AVGO,118.36880493164062,20683000
2024-01-30,BBB,403.3409729003906,33477600
2024-01-30,GOOGL,150.4225311279297,36331800
2024-01-30,META,397.6088562011719,18614700
2024-01-30,NFLX,562.8499755859375,6181800
2024-01-30,NVDA,62.74253845214844,410735000
2024-01-30,TSLA,191.58999633789062,109982300
2024-01-31,AAA,182.85189819335938,55467800
2024-01-31,AMD,167.69000244140625,133157300
2024-01-31,AMZN,155.1999969482422,50284400
2024-01-31,AVGO,115.60983276367188,27400000
2024-01-31,BBB,392.472412109375,47871100
2024-01-31,GOOGL,139.1403350830078,71910000
2024-01-31,META,387.7496337890625,20180800
2024-01-31,NFLX,564.1099853515625,4857600
2024-01-31,NVDA,61.49616241455078,453795000
2024-01-31,TSLA,187.2899932861328,103221400
2024-02-01,AAA,185.29127502441406,64885400
2024-02-01,AMD,170.47999572753906,91576700
2024-02-01,AMZN,159.27999877929688,76542400
2024-02-01,AVGO,117.5702896118164,19411000
2024-02-01,BBB,398.5927734375,30657700
2024-02-01,GOOGL,140.19308471679688,40466500
2024-02-01,META,392.3611755371094,29727100
2024-02-01,NFLX,567.510009765625,3174000
2024-02-01,NVDA,62.99541473388672,369146000
2024-02-01,TSLA,188.86000061035156,91843300
2024-02-02,AAA,184.2897491455078,102551700
2024-02-02,AMD,177.66000366210938,82134300
2024-02-02,AMZN,171.80999755859375,117218300
2024-02-02,AVGO,119.95401763916016,26689000
2024-02-02,BBB,405.93719482421875,28256700
2024-02-02,GOOGL,141.4047088623047,62499600
2024-02-02,META,472.07977294921875,84707600
2024-02-02,NFLX,564.6400146484375,4032800
2024-02-02,NVDA,66.12684631347656,476578000
2024-02-02,TSLA,187.91000366210938,110612700
2024-02-05,AAA,186.10435485839844,69668800
2024-02-05,AMD,174.22999572753906,76349200
2024-02-05,AMZN,170.30999755859375,55081300
2024-02-05,AVGO,121.7920150756836,22045000
2024-02-05,BBB,400.4387512207031,25352300
2024-02-05,GOOGL,142.69580078125,38505400
2024-02-05,META,456.59521484375,40832400
2024-02-05,NFLX,562.0599975585938,4143100
2024-02-05,NVDA,69.29725646972656,680078000
2024-02-05,TSLA,181.05999755859375,134294400
2024-02-06,AAA,187.71078491210938,43490800
2024-02-06,AMD,167.8800048828125,68854100
2024-02-06,AMZN,169.14999389648438,42505500
2024-02-06,AVGO,119.78844451904297,25354000
2024-02-06,BBB,400.2807922363281,18382600
2024-02-06,GOOGL,143.11294555664062,29128200
2024-02-06,META,451.9339904785156,21655200
2024-02-06,NFLX,555.8800048828125,2840300
2024-02-06,NVDA,68.18881225585938,683111000
2024-02-06,TSLA,185.10000610351562,122676000
2024-02-07,AAA,187.8198699951172,53439000
2024-02-07,AMD,170.94000244140625,53665400
2024-02-07,AMZN,170.52999877929688,47174100
2024-02-07,AVGO,123.15975189208984,25768000
2024-02-07,BBB,408.7308044433594,22340500
2024-02-07,GOOGL,144.54307556152344,25208900
2024-02-07,META,466.7128601074219,23066000
2024-02-07,NFLX,559.2999877929688,4373600
2024-02-07,NVDA,70.06385803222656,495575000
2024-02-07,TSLA,187.5800018310547,111535200
2024-02-08,AAA,186.739013671875,40962000
2024-02-08,AMD,169.35000610351562,43385300
2024-02-08,AMZN,169.83999633789062,42316500
2024-02-08,AVGO,124.89389038085938,29326000
2024-02-08,BBB,408.7900085449219,21225300
2024-02-08,GOOGL,144.91055297851562,22563800
2024-02-08,META,467.120361328125,18815100
2024-02-08,NFLX,558.530029296875,3175500
2024-02-08,NVDA,69.60608673095703,414422000
2024-02-08,TSLA,189.55999755859375,83034000
2024-02-09,AAA,187.50352478027344,45155200
2024-02-09,AMD,172.47999572753906,56375700
2024-02-09,AMZN,174.4499969482422,56986000
2024-02-09,AVGO,125.74430847167969,26293000
2024-02-09,BBB,415.14727783203125,22032800
2024-02-09,GOOGL,147.9793701171875,26829500
2024-02-09,META,465.2418518066406,18413100
2024-02-09,NFLX,561.3200073242188,3055700
2024-02-09,NVDA,72.09686279296875,436637000
2024-02-09,TSLA,193.57000732421875,84476300
2024-02-12,AAA,185.8156280517578,41781900
2024-02-12,AMD,171.91000366210938,58177100
2024-02-12,AMZN,172.33999633789062,51050400
2024-02-12,AVGO,123.93766784667969,24778000
2024-02-12,BBB,409.92529296875,21202900
2024-02-12,GOOGL,146.51942443847656,21564100
2024-02-12,META,466.027099609375,19382000
2024-02-12,NFLX,557.8499755859375,3608500
2024-02-12,NVDA,72.2117919921875,613710000
2024-02-12,TSLA,188.1300048828125,95498600
2024-02-13,AAA,183.72067260742188,56529500
2024-02-13,AMD,171.5399932861328,63071300
2024-02-13,AMZN,168.63999938964844,56345100
2024-02-13,AVGO,122.62969970703125,31907000
2024-02-13,BBB,401.10015869140625,27824900
2024-02-13,GOOGL,144.1458282470703,27837700
2024-02-13,META,457.3008728027344,20916600
2024-02-13,NFLX,554.52001953125,3511500
2024-02-13,NVDA,72.09185791015625,602580000
2024-02-13,TSLA,184.02000427246094,86759500
2024-02-14,AAA,182.83702087402344,54630500
2024-02-14,AMD,178.6999969482422,57402500
2024-02-14,AMZN,170.97999572753906,42815500
2024-02-14,AVGO,123.66529083251953,27306000
2024-02-14,BBB,404.9768981933594,20401200
2024-02-14,GOOGL,144.94032287597656,22704200
2024-02-14,META,470.3802490234375,16858400
2024-02-14,NFLX,579.3300170898438,5634200
2024-02-14,NVDA,73.86296844482422,504917000
2024-02-14,TSLA,188.7100067138672,81203000
2024-02-15,AAA,182.54908752441406,65434500
2024-02-15,AMD,176.75999450683594,51126400
2024-02-15,AMZN,169.8000030517578,49855200
2024-02-15,AVGO,123.94451904296875,21873000
2024-02-15,BBB,402.0792541503906,21825500
2024-02-15,GOOGL,141.7920684814453,37590700
2024-02-15,META,481.06439208984375,24212300
2024-02-15,NFLX,593.4600219726562,5220900
2024-02-15,NVDA,72.62158203125,420122000
2024-02-15,TSLA,200.4499969482422,120831800
2024-02-16,AAA,181.01016235351562,49752500
2024-02-16,AMD,173.8699951171875,53940300
2024-02-16,AMZN,169.50999450683594,48107700
2024-02-16,AVGO,122.02519226074219,21268000
2024-02-16,BBB,399.6067810058594,22296500
2024-02-16,GOOGL,139.55746459960938,31468900
2024-02-16,META,470.41998291015625,23324600
2024-02-16,NFLX,583.9500122070312,4325700
2024-02-16,NVDA,72.57660675048828,495327000
2024-02-16,TSLA,199.9499969482422,111346700
2024-02-20,AAA,180.26547241210938,53665600
2024-02-20,AMD,165.69000244140625,66550000
2024-02-20,AMZN,167.0800018310547,41980300
2024-02-20,AVGO,120.17053985595703,26329000
2024-02-20,BBB,398.3507385253906,24307900
2024-02-20,GOOGL,140.15335083007812,25144700
2024-02-20,META,468.859619140625,18015500
2024-02-20,NFLX,575.1300048828125,3124200
2024-02-20,NVDA,69.41719818115234,704833000
2024-02-20,TSLA,193.75999450683594,104545800
2024-02-21,AAA,181.02008056640625,41371400
2024-02-21,AMD,164.2899932861328,48365700
2024-02-21,AMZN,168.58999633789062,44420100
2024-02-21,AVGO,120.25872039794922,20579000
2024-02-21,BBB,397.74749755859375,18518900
2024-02-21,GOOGL,141.5735321044922,23223300
2024-02-21,META,465.65594482421875,12921800
2024-02-21,NFLX,573.3499755859375,2270600
2024-02-21,NVDA,67.43818664550781,673755000
2024-02-21,TSLA,194.77000427246094,103500300
2024-02-22,AAA,183.0554656982422,52292200
2024-02-22,AMD,181.86000061035156,100684700
2024-02-22,AMZN,174.5800018310547,55392400
2024-02-22,AVGO,127.84683990478516,40819000
2024-02-22,BBB,407.11309814453125,27009900
2024-02-22,GOOGL,143.10299682617188,27191900
2024-02-22,META,483.66412353515625,21625800
2024-02-22,NFLX,588.469970703125,3526600
2024-02-22,NVDA,78.4986343383789,865100000
2024-02-22,TSLA,197.41000366210938,92739500
2024-02-23,AAA,181.21865844726562,45119700
2024-02-23,AMD,176.52000427246094,69207400
2024-02-23,AMZN,174.99000549316406,59715200
2024-02-23,AVGO,127.01109313964844,23115000
2024-02-23,BBB,405.8175354003906,16295900
2024-02-23,GOOGL,142.97390747070312,19493800
2024-02-23,META,481.5747985839844,18374300
2024-02-23,NFLX,583.5599975585938,2568900
2024-02-23,NVDA,78.77749633789062,829388000
2024-02-23,TSLA,191.97000122070312,78841900
2024-02-26,AAA,179.8683319091797,40867400
2024-02-26,AMD,176.00999450683594,45435100
2024-02-26,AMZN,174.72999572753906,44368600
2024-02-26,AVGO,128.26126098632812,16282000
2024-02-26,BBB,403.04840087890625,16193500
2024-02-26,GOOGL,136.627685546875,53641800
2024-02-26,META,479.29638671875,12101400
2024-02-26,NFLX,587.6500244140625,2393700
2024-02-26,NVDA,79.05237579345703,503973000
2024-02-26,TSLA,199.39999389648438,111747100
2024-02-27,AAA,181.32785034179688,54318900
2024-02-27,AMD,178.0,43665200
2024-02-27,AMZN,173.5399932861328,31141700
2024-02-27,AVGO,126.99739074707031,12126000
2024-02-27,BBB,402.9891357421875,14835800
2024-02-27,GOOGL,137.92868041992188,33099200
2024-02-27,META,484.5794372558594,10809600
2024-02-27,NFLX,601.6699829101562,4489400
2024-02-27,NVDA,78.66156005859375,391705000
2024-02-27,TSLA,199.72999572753906,108645400
2024-02-28,AAA,180.12649536132812,48953900
2024-02-28,AMD,176.5399932861328,35914400
2024-02-28,AMZN,173.16000366210938,28180500
2024-02-28,AVGO,126.33020782470703,10967000
2024-02-28,BBB,403.2264709472656,13183100
2024-02-28,GOOGL,135.44581604003906,37328600
2024-02-28,META,481.5648193359375,12715500
2024-02-28,NFLX,596.47998046875,2605200
2024-02-28,NVDA,77.62408447265625,393110000
2024-02-28,TSLA,202.0399932861328,99806200
2024-02-29,AAA,179.46128845214844,136682600
2024-02-29,AMD,192.52999877929688,105538500
2024-02-29,AMZN,176.75999450683594,53805400
2024-02-29,AVGO,127.41475677490234,27536000
2024-02-29,BBB,409.0812072753906,31947300
2024-02-29,GOOGL,137.5115966796875,42133000
2024-02-29,META,487.64385986328125,17732000
2024-02-29,NFLX,602.9199829101562,3572100
2024-02-29,NVDA,79.07234191894531,507289000
2024-02-29,TSLA,201.8800048828125,85907000
2024-03-01,AAA,178.37904357910156,73563100
2024-03-01,AMD,202.63999938964844,103820800
2024-03-01,AMZN,178.22000122070312,31981200
2024-03-01,AVGO,137.08291625976562,44488000
2024-03-01,BBB,410.92071533203125,17823400
2024-03-01,GOOGL,136.20062255859375,31151100
2024-03-01,META,499.7521057128906,16273600
2024-03-01,NFLX,619.3400268554688,4270300
2024-03-01,NVDA,82.23775482177734,479135000
2024-03-01,TSLA,202.63999938964844,82243100
2024-03-04,AAA,173.85154724121094,81510100
2024-03-04,AMD,205.36000061035156,86835300
2024-03-04,AMZN,177.5800018310547,37381500
2024-03-04,AVGO,137.38563537597656,34854000
2024-03-04,BBB,410.34710693359375,17596000
2024-03-04,GOOGL,132.4365997314453,55999400
2024-03-04,META,495.6629943847656,12324100
2024-03-04,NFLX,615.8300170898438,3020300
2024-03-04,NVDA,85.19428253173828,615616000
2024-03-04,TSLA,188.13999938964844,134334900
2024-03-05,AAA,168.9070587158203,95132400
2024-03-05,AMD,205.1300048828125,65407100
2024-03-05,AMZN,174.1199951171875,37228300
2024-03-05,AVGO,131.55516052246094,36040000
2024-03-05,BBB,398.2123107910156,26919200
2024-03-05,GOOGL,131.76123046875,40194800
2024-03-05,META,487.7333679199219,15325300
2024-03-05,NFLX,598.5,3849600
2024-03-05,NVDA,85.9249496459961,520639000
2024-03-05,TSLA,180.74000549316406,119660800
2024-03-06,AAA,167.9141845703125,68587700
2024-03-06,AMD,210.6300048828125,86687000
2024-03-06,AMZN,173.50999450683594,32090900
2024-03-06,AVGO,132.26548767089844,43196000
2024-03-06,BBB,397.65850830078125,22344100
2024-03-06,GOOGL,130.4999237060547,35318600
2024-03-06,META,493.5736083984375,11757900
2024-03-06,NFLX,597.6900024414062,2469600
2024-03-06,NVDA,88.65970611572266,582520000
2024-03-06,TSLA,176.5399932861328,107920900
2024-03-07,AAA,167.7950439453125,71765100
2024-03-07,AMD,211.3800048828125,63869000
2024-03-07,AMZN,176.82000732421875,34063300
2024-03-07,AVGO,137.8510284423828,62832000
2024-03-07,BBB,404.63079833984375,18718500
2024-03-07,GOOGL,133.4595184326172,37738200
2024-03-07,META,509.59197998046875,18586400
2024-03-07,NFLX,608.510009765625,2742800
2024-03-07,NVDA,92.62689208984375,608119000
2024-03-07,TSLA,178.64999389648438,102129000
2024-03-08,AAA,169.51271057128906,76267000
2024-03-08,AMD,207.38999938964844,120815200
2024-03-08,AMZN,175.35000610351562,37893200
2024-03-08,AVGO,128.22108459472656,74025000
2024-03-08,BBB,401.74298095703125,18002200
2024-03-08,GOOGL,134.4824676513672,39370400
2024-03-08,META,503.3836364746094,18597100
2024-03-08,NFLX,604.8200073242188,2777200
2024-03-08,NVDA,87.48824310302734,1142269000
2024-03-08,TSLA,175.33999633789062,85544600
2024-03-11,AAA,171.51829528808594,60139500
2024-03-11,AMD,198.38999938964844,73098600
2024-03-11,AMZN,171.9600067138672,28484800
2024-03-11,AVGO,126.69270324707031,31105000
2024-03-11,BBB,400.0616760253906,16120800
2024-03-11,GOOGL,136.72698974609375,32437800
2024-03-11,META,481.1370544433594,20428300
2024-03-11,NFLX,600.9299926757812,2500900
2024-03-11,NVDA,85.73504638671875,678364000
2024-03-11,TSLA,177.77000427246094,85391500
2024-03-12,AAA,171.994873046875,59825400
2024-03-12,AMD,202.75999450683594,68951700
2024-03-12,AMZN,175.38999938964844,36610600
2024-03-12,AVGO,126.57122039794922,42789000
2024-03-12,BBB,410.7030944824219,22457000
2024-03-12,GOOGL,137.55128479003906,27563400
2024-03-12,META,497.215087890625,15448200
2024-03-12,NFLX,611.0800170898438,2821600
2024-03-12,NVDA,91.87124633789062,668075000
2024-03-12,TSLA,177.5399932861328,87391700
2024-03-13,AAA,169.90988159179688,52488700
2024-03-13,AMD,194.7899932861328,70526900
2024-03-13,AMZN,176.55999755859375,30772600
2024-03-13,AVGO,123.2391128540039,37838000
2024-03-13,BBB,410.525146484375,17115900
2024-03-13,GOOGL,138.8324737548828,23347200
2024-03-13,META,493.0562744140625,12090700
2024-03-13,NFLX,609.4500122070312,2192100
2024-03-13,NVDA,90.8467025756836,635713000
2024-03-13,TSLA,169.47999572753906,106524500
2024-03-14,AAA,171.76651000976562,72913500
2024-03-14,AMD,187.05999755859375,84490500
2024-03-14,AMZN,178.75,43705800
2024-03-14,AVGO,123.6701889038086,38029000
2024-03-14,BBB,420.5335693359375,34157300
2024-03-14,GOOGL,142.1197967529297,42753400
2024-03-14,META,489.3352355957031,12620000
2024-03-14,NFLX,613.010009765625,3120500
2024-03-14,NVDA,87.90404510498047,602318000
2024-03-14,TSLA,162.5,126325700
2024-03-15,AAA,171.3892364501953,121752700
2024-03-15,AMD,191.05999755859375,95289500
2024-03-15,AMZN,174.4199981689453,72147400
2024-03-15,AVGO,121.04742431640625,88823000
2024-03-15,BBB,411.83056640625,45079900
2024-03-15,GOOGL,140.2129364013672,49475400
2024-03-15,META,481.6444396972656,29153600
2024-03-15,NFLX,605.8800048828125,6671600
2024-03-15,NVDA,87.79708862304688,642086000
2024-03-15,TSLA,163.57000732421875,97146800
2024-03-18,AAA,172.4813995361328,75604200
2024-03-18,AMD,190.64999389648438,59306900
2024-03-18,AMZN,174.47999572753906,31250700
2024-03-18,AVGO,121.21788787841797,25737000
2024-03-18,BBB,412.72064208984375,20106000
2024-03-18,GOOGL,146.66839599609375,69273700
2024-03-18,META,494.4591064453125,11755300
2024-03-18,NFLX,618.3900146484375,3344200
2024-03-18,NVDA,88.4148178100586,668976000
2024-03-18,TSLA,173.8000030517578,108214400
2024-03-19,AAA,174.8245391845703,55215200
2024-03-19,AMD,181.4199981689453,83509500
2024-03-19,AMZN,175.89999389648438,26880900
2024-03-19,AVGO,121.29332733154297,24491000
2024-03-19,BBB,416.76556396484375,19837900
2024-03-19,GOOGL,146.02285766601562,24070400
2024-03-19,META,493.7228088378906,10903100
2024-03-19,NFLX,620.739990234375,2142600
2024-03-19,NVDA,89.35739135742188,672171000
2024-03-19,TSLA,171.32000732421875,77271400
2024-03-20,AAA,177.39608764648438,53423100
2024-03-20,AMD,179.72999572753906,81773100
2024-03-20,AMZN,178.14999389648438,29947200
2024-03-20,AVGO,125.54779052734375,40946000
2024-03-20,BBB,420.5434875488281,17860100
2024-03-20,GOOGL,147.72116088867188,21311500
2024-03-20,META,502.95574951171875,11711100
2024-03-20,NFLX,627.6900024414062,2639500
2024-03-20,NVDA,90.33094787597656,479063000
2024-03-20,TSLA,175.66000366210938,83846700
2024-03-21,AAA,170.14813232421875,106181300
2024-03-21,AMD,178.67999267578125,75265600
2024-03-21,AMZN,178.14999389648438,32824300
2024-03-21,AVGO,132.6320037841797,72468000
2024-03-21,BBB,424.6378173828125,21296200
2024-03-21,GOOGL,146.58895874023438,24755600
2024-03-21,META,505.1844482421875,9712500
2024-03-21,NFLX,622.7100219726562,2507700
2024-03-21,NVDA,91.39346313476562,480372000
2024-03-21,TSLA,172.82000732421875,73178000
2024-03-22,AAA,171.05166625976562,71160100
2024-03-22,AMD,179.64999389648438,57899100
2024-03-22,AMZN,178.8699951171875,27995400
2024-03-22,AVGO,133.17019653320312,38624000
2024-03-22,BBB,424.0148010253906,17648500
2024-03-22,GOOGL,149.7372589111328,29211800
2024-03-22,META,506.99517822265625,8120600
2024-03-22,NFLX,628.010009765625,2135700
2024-03-22,NVDA,94.24616241455078,586719000
2024-03-22,TSLA,170.8300018310547,75580600
2024-03-25,AAA,169.63185119628906,54288300
2024-03-25,AMD,178.6300048828125,71935300
2024-03-25,AMZN,179.7100067138672,29815500
2024-03-25,AVGO,132.9842529296875,21237000
2024-03-25,BBB,418.1995544433594,18060500
2024-03-25,GOOGL,149.04205322265625,19229300
2024-03-25,META,500.46844482421875,8380600
2024-03-25,NFLX,627.4600219726562,1803300
2024-03-25,NVDA,94.9588394165039,552136000
2024-03-25,TSLA,172.6300048828125,74228600
2024-03-26,AAA,168.49996948242188,57388400
2024-03-26,AMD,177.8699951171875,65322400
2024-03-26,AMZN,178.3000030517578,29659000
2024-03-26,AVGO,131.00753784179688,23522000
2024-03-26,BBB,417.0029296875,16725600
2024-03-26,GOOGL,149.63792419433594,22149100
2024-03-26,META,493.3746337890625,11205400
2024-03-26,NFLX,629.239990234375,2804500
2024-03-26,NVDA,92.5189437866211,513648000
2024-03-26,TSLA,177.6699981689453,113186200
2024-03-27,AAA,172.07431030273438,60273300
2024-03-27,AMD,179.58999633789062,55685600
2024-03-27,AMZN,179.8300018310547,33272600
2024-03-27,AVGO,129.75205993652344,25583000
2024-03-27,BBB,416.7853088378906,16705000
2024-03-27,GOOGL,149.8365478515625,22879200
2024-03-27,META,491.3549499511719,9989700
2024-03-27,NFLX,613.530029296875,2628300
2024-03-27,NVDA,90.20899200439453,586067000
2024-03-27,TSLA,179.8300018310547,81804000
2024-03-28,AAA,170.25735473632812,65672700
2024-03-28,AMD,180.49000549316406,57628600
2024-03-28,AMZN,180.3800048828125,38051600
2024-03-28,AVGO,130.40931701660156,19856000
2024-03-28,BBB,416.0831604003906,21871200
2024-03-28,GOOGL,149.89614868164062,24485400
2024-03-28,META,483.116943359375,15212800
2024-03-28,NFLX,607.3300170898438,3708800
2024-03-28,NVDA,90.31494903564453,435212000
2024-03-28,TSLA,175.7899932861328,77654800
2024-04-01,AAA,168.8177032470703,46240500
2024-04-01,AMD,183.33999633789062,74299900
2024-04-01,AMZN,180.97000122070312,29174500
2024-04-01,AVGO,132.85435485839844,17252000
2024-04-01,BBB,419.8907165527344,16316000
2024-04-01,GOOGL,154.4249267578125,31730800
2024-04-01,META,488.857666015625,9247000
2024-04-01,NFLX,614.3099975585938,2115900
2024-04-01,NVDA,90.32194519042969,452441000
2024-04-01,TSLA,175.22000122070312,81562100
2024-04-02,AAA,167.63619995117188,49329500
2024-04-02,AMD,178.6999969482422,61598800
2024-04-02,AMZN,180.69000244140625,32611500
2024-04-02,AVGO,131.72286987304688,24694000
2024-04-02,BBB,416.7952575683594,17912000
2024-04-02,GOOGL,153.50128173828125,24586000
2024-04-02,META,494.84710693359375,11081000
2024-04-02,NFLX,614.2100219726562,2029200
2024-04-02,NVDA,89.41136169433594,433064000
2024-04-02,TSLA,166.6300048828125,116650600
2024-04-03,AAA,168.44039916992188,47691700
2024-04-03,AMD,180.77000427246094,49835100
2024-04-03,AMZN,182.41000366210938,31046600
2024-04-03,AVGO,134.1285400390625,28650000
2024-04-03,BBB,415.816162109375,16502300
2024-04-03,GOOGL,153.85882568359375,24705000
2024-04-03,META,504.1695861816406,12099200
2024-04-03,NFLX,630.0800170898438,2931200
2024-04-03,NVDA,88.92359161376953,370067000
2024-04-03,TSLA,168.3800048828125,82950100
2024-04-04,AAA,167.61631774902344,53704400
2024-04-04,AMD,165.8300018310547,88280000
2024-04-04,AMZN,180.0,41624300
2024-04-04,AVGO,129.6310577392578,27014000
2024-04-04,BBB,413.2744445800781,19370900
2024-04-04,GOOGL,149.4989013671875,34724700
2024-04-04,META,508.32843017578125,26476300
2024-04-04,NFLX,617.1400146484375,3064300
2024-04-04,NVDA,85.865966796875,434965000
2024-04-04,TSLA,171.11000061035156,123162000
2024-04-05,AAA,168.37091064453125,42104800
2024-04-05,AMD,170.4199981689453,66080300
2024-04-05,AMZN,185.07000732421875,42374000
2024-04-05,AVGO,131.78875732421875,19438000
2024-04-05,BBB,420.8302307128906,16554800
2024-04-05,GOOGL,151.4553985595703,23459200
2024-04-05,META,524.6651000976562,19263300
2024-04-05,NFLX,636.1799926757812,3378800
2024-04-05,NVDA,87.96802520751953,399678000
2024-04-05,TSLA,164.89999389648438,143157600
2024-04-08,AAA,167.2489471435547,37425500
2024-04-08,AMD,169.89999389648438,43997500
2024-04-08,AMZN,185.19000244140625,39221300
2024-04-08,AVGO,131.4611358642578,17139000
2024-04-08,BBB,419.9104919433594,14272400
2024-04-08,GOOGL,153.78929138183594,20702000
2024-04-08,META,516.6161499023438,13260600
2024-04-08,NFLX,628.4099731445312,2145700
2024-04-08,NVDA,87.09341430664062,283220000
2024-04-08,TSLA,172.97999572753906,104423300
2024-04-09,AAA,168.46026611328125,42373800
2024-04-09,AMD,170.77999877929688,42886100
2024-04-09,AMZN,185.6699981689453,36520100
2024-04-09,AVGO,131.26239013671875,17986000
2024-04-09,BBB,421.5818786621094,12496900
2024-04-09,GOOGL,155.52731323242188,31079500
2024-04-09,META,514.2780151367188,10863800
2024-04-09,NFLX,618.2000122070312,2143600
2024-04-09,NVDA,85.3152084350586,501700000
2024-04-09,TSLA,176.8800048828125,102951700
2024-04-10,AAA,166.58375549316406,49709300
2024-04-10,AMD,167.13999938964844,59600000
2024-04-10,AMZN,185.9499969482422,35879200
2024-04-10,AVGO,130.11021423339844,17467000
2024-04-10,BBB,418.5951843261719,16216600
2024-04-10,GOOGL,155.0704803466797,22838600
2024-04-10,META,517.1932373046875,11418500
2024-04-10,NFLX,618.5800170898438,2806200
2024-04-10,NVDA,86.99945831298828,431929000
2024-04-10,TSLA,171.75999450683594,84532400
2024-04-11,AAA,173.79197692871094,91070300
2024-04-11,AMD,170.5,48994500
2024-04-11,AMZN,189.0500030517578,40020700
2024-04-11,AVGO,136.02255249023438,31713000
2024-04-11,BBB,423.21368408203125,17966400
2024-04-11,GOOGL,158.3180694580078,27166400
2024-04-11,META,520.5062866210938,10369500
2024-04-11,NFLX,628.780029296875,2662700
2024-04-11,NVDA,90.5748291015625,431637000
2024-04-11,TSLA,174.60000610351562,94516000
2024-04-12,AAA,175.2912139892578,101670900
2024-04-12,AMD,163.27999877929688,63519600
2024-04-12,AMZN,186.1300048828125,38608800
2024-04-12,AVGO,132.24530029296875,27823000
2024-04-12,BBB,417.25018310546875,19253800
2024-04-12,GOOGL,156.64956665039062,25353700
2024-04-12,META,509.3034362792969,11984500
2024-04-12,NFLX,622.8300170898438,2959300
2024-04-12,NVDA,88.14594268798828,426805000
2024-04-12,TSLA,171.0500030517578,64722700
