Meta_Version,date,equity,daily_return,gross_return,cost
OroTitan_Data_v1.0,2018-01-30,1.0,0.0,0.0,0.0
OroTitan_Data_v1.0,2018-01-31,1.0,0.0,0.0,0.0
OroTitan_Data_v1.0,2018-02-01,1.0,0.0,0.0,0.0
OroTitan_Data_v1.0,2018-02-02,1.0028992628685742,0.002899262868574189,0.002899262868574189,0.0
OroTitan_Data_v1.0,2018-02-05,1.0100143537960307,0.0070945220431264016,0.0070945220431264016,0.0
OroTitan_Data_v1.0,2018-02-06,1.0024842773010458,-0.007455415328191938,-0.007455415328191938,0.0
OroTitan_Data_v1.0,2018-02-07,1.0001144742461758,-0.002363930396245421,-0.002363930396245421,0.0
OroTitan_Data_v1.0,2018-02-08,1.0019152205584076,0.0018005401967500587,0.0018005401967500587,0.0
OroTitan_Data_v1.0,2018-02-09,1.0122194891617933,0.0102845713808426,0.0102845713808426,0.0
OroTitan_Data_v1.0,2018-02-12,1.0264862550516407,0.014094537837501659,0.014094537837501659,0.0
OroTitan_Data_v1.0,2018-02-13,1.0211936829098318,-0.0051560087782595385,-0.0051560087782595385,0.0
OroTitan_Data_v1.0,2018-02-14,1.016579540186887,-0.0045183815765459,-0.0045183815765459,0.0
OroTitan_Data_v1.0,2018-02-15,1.015534114750675,-0.0010283754442074926,-0.0010283754442074926,0.0
OroTitan_Data_v1.0,2018-02-16,1.031183498207582,0.015410002706555346,0.015410002706555346,0.0
OroTitan_Data_v1.0,2018-02-19,1.042191460247522,0.010675075831870995,0.010675075831870995,0.0
OroTitan_Data_v1.0,2018-02-20,1.036230982491469,-0.005719177313770399,-0.005719177313770399,0.0
OroTitan_Data_v1.0,2018-02-21,1.035537775722184,-0.0006689693523912101,-0.0006689693523912101,0.0
OroTitan_Data_v1.0,2018-02-22,1.039295898043034,0.003629150388289037,0.003629150388289037,0.0
OroTitan_Data_v1.0,2018-02-23,1.06309381033209,0.022898110474473057,0.022898110474473057,0.0
OroTitan_Data_v1.0,2018-02-26,1.0742530227450426,0.010496921630525402,0.010496921630525402,0.0
OroTitan_Data_v1.0,2018-02-27,1.079168229963982,0.00457546510446812,0.00457546510446812,0.0
OroTitan_Data_v1.0,2018-02-28,1.0844296012118293,0.004875394865935726,0.004875394865935726,0.0
OroTitan_Data_v1.0,2018-03-01,1.0786366280597828,-0.005341954097871267,-0.005341954097871267,0.0
OroTitan_Data_v1.0,2018-03-02,1.0712406429608414,-0.006856790235507819,-0.006856790235507819,0.0
OroTitan_Data_v1.0,2018-03-05,1.0829071273490487,0.010890628977595334,0.010890628977595334,0.0
OroTitan_Data_v1.0,2018-03-06,1.100060802552,0.01584039366787008,0.01584039366787008,0.0
OroTitan_Data_v1.0,2018-03-07,1.1043376055773617,0.003887787852671594,0.003887787852671594,0.0
OroTitan_Data_v1.0,2018-03-08,1.1179201663145735,0.012299282998798603,0.012299282998798603,0.0
OroTitan_Data_v1.0,2018-03-09,1.1206004907871217,0.00239759917864657,0.00239759917864657,0.0
OroTitan_Data_v1.0,2018-03-12,1.1432194724704499,0.020184697284435726,0.020184697284435726,0.0
OroTitan_Data_v1.0,2018-03-13,1.143828848073896,0.0005330346605531364,0.0005330346605531364,0.0
OroTitan_Data_v1.0,2018-03-14,1.125983784353305,-0.015601165987936517,-0.015601165987936517,0.0
OroTitan_Data_v1.0,2018-03-15,1.1266380226242154,0.0005810370273550133,0.0005810370273550133,0.0
OroTitan_Data_v1.0,2018-03-16,1.1081460395525529,-0.016413420016297902,-0.016413420016297902,0.0
OroTitan_Data_v1.0,2018-03-19,1.0956360660144742,-0.011289101879685457,-0.011289101879685457,0.0
OroTitan_Data_v1.0,2018-03-20,1.0578450082744266,-0.03449234550804603,-0.03449234550804603,0.0
OroTitan_Data_v1.0,2018-03-21,1.042285867018799,-0.014708337359371604,-0.014708337359371604,0.0
OroTitan_Data_v1.0,2018-03-22,1.0400528231256863,-0.0021424485966598334,-0.0021424485966598334,0.0
OroTitan_Data_v1.0,2018-03-23,1.0427396392503396,0.00258334583101146,0.00258334583101146,0.0
OroTitan_Data_v1.0,2018-03-26,1.0207041269166328,-0.021132324411824367,-0.021132324411824367,0.0
OroTitan_Data_v1.0,2018-03-27,1.0184884580526958,-0.0021707258798199973,-0.0021707258798199973,0.0
OroTitan_Data_v1.0,2018-03-28,1.024950776369575,0.006345008886241935,0.006345008886241935,0.0
OroTitan_Data_v1.0,2018-03-29,1.0276393877686651,0.0026231614835330315,0.0026231614835330315,0.0
OroTitan_Data_v1.0,2018-03-30,1.0462383520532186,0.018098726562960743,0.018098726562960743,0.0
OroTitan_Data_v1.0,2018-04-02,1.05686493708308,0.01015694464746682,0.01015694464746682,0.0
OroTitan_Data_v1.0,2018-04-03,1.0610532165370483,0.003962927813205545,0.003962927813205545,0.0
OroTitan_Data_v1.0,2018-04-04,1.064749847493853,0.003483926064396255,0.003483926064396255,0.0
OroTitan_Data_v1.0,2018-04-05,1.0709988731794753,0.005869008293667322,0.005869008293667322,0.0
OroTitan_Data_v1.0,2018-04-06,1.0703569528127905,-0.0005993660523460811,-0.0005993660523460811,0.0
OroTitan_Data_v1.0,2018-04-09,1.0637062049374082,-0.006213579365187405,-0.006213579365187405,0.0
OroTitan_Data_v1.0,2018-04-10,1.045936212676373,-0.016705733386297994,-0.016705733386297994,0.0
OroTitan_Data_v1.0,2018-04-11,1.0349986772622517,-0.010457172513545387,-0.010457172513545387,0.0
OroTitan_Data_v1.0,2018-04-12,1.0295940387163383,-0.005221879664822016,-0.005221879664822016,0.0
OroTitan_Data_v1.0,2018-04-13,1.0355845374631358,0.0058183114135609655,0.0058183114135609655,0.0
OroTitan_Data_v1.0,2018-04-16,1.0542177544769082,0.017992946340641636,0.017992946340641636,0.0
OroTitan_Data_v1.0,2018-04-17,1.0539172651943307,-0.00028503530821925383,-0.00028503530821925383,0.0
OroTitan_Data_v1.0,2018-04-18,1.054570530790056,0.0006198452357688935,0.0006198452357688935,0.0
OroTitan_Data_v1.0,2018-04-19,1.0571744496803401,0.002469174715448866,0.002469174715448866,0.0
OroTitan_Data_v1.0,2018-04-20,1.0617717449538597,0.0043486628672397085,0.0043486628672397085,0.0
OroTitan_Data_v1.0,2018-04-23,1.0671712879596376,0.005085408451900826,0.005085408451900826,0.0
OroTitan_Data_v1.0,2018-04-24,1.0574524288517226,-0.009107121993974194,-0.009107121993974194,0.0
OroTitan_Data_v1.0,2018-04-25,1.054119993622222,-0.003151380751112579,-0.003151380751112579,0.0
OroTitan_Data_v1.0,2018-04-26,1.0556740108932023,0.0014742318525241545,0.0014742318525241545,0.0
OroTitan_Data_v1.0,2018-04-27,1.040441555057074,-0.014429128385229657,-0.014429128385229657,0.0
OroTitan_Data_v1.0,2018-04-30,1.0261234485925321,-0.013761567283571658,-0.013761567283571658,0.0
OroTitan_Data_v1.0,2018-05-01,1.0190769742025518,-0.006867082512971967,-0.006867082512971967,0.0
OroTitan_Data_v1.0,2018-05-02,1.0102957143718796,-0.008616875911207559,-0.008616875911207559,0.0
OroTitan_Data_v1.0,2018-05-03,1.0085435934751532,-0.001734265395568535,-0.001734265395568535,0.0
OroTitan_Data_v1.0,2018-05-04,1.0256547285351036,0.016966182890508847,0.016966182890508847,0.0
OroTitan_Data_v1.0,2018-05-07,1.0453903572990688,0.019241980965809757,0.019241980965809757,0.0
OroTitan_Data_v1.0,2018-05-08,1.0363987212160772,-0.008601223476197888,-0.008601223476197888,0.0
OroTitan_Data_v1.0,2018-05-09,1.0432633968843998,0.006623585621823044,0.006623585621823044,0.0
OroTitan_Data_v1.0,2018-05-10,1.0432503146460497,-1.2539727157274277e-05,-1.2539727157274277e-05,0.0
OroTitan_Data_v1.0,2018-05-11,1.0310574708424505,-0.011687361731336738,-0.011687361731336738,0.0
OroTitan_Data_v1.0,2018-05-14,1.0201400514414665,-0.01058856534162326,-0.01058856534162326,0.0
OroTitan_Data_v1.0,2018-05-15,0.99461354380816,-0.025022552145891403,-0.025022552145891403,0.0
OroTitan_Data_v1.0,2018-05-16,0.9959399932510695,0.0013336329986326123,0.0013336329986326123,0.0
OroTitan_Data_v1.0,2018-05-17,1.0017528900289496,0.005836593386419655,0.005836593386419655,0.0
OroTitan_Data_v1.0,2018-05-18,1.0094231517419847,0.007656840114345384,0.007656840114345384,0.0
OroTitan_Data_v1.0,2018-05-21,1.0056239682973265,-0.0037637173648156956,-0.0037637173648156956,0.0
OroTitan_Data_v1.0,2018-05-22,1.0176401847864922,0.011949015604223158,0.011949015604223158,0.0
OroTitan_Data_v1.0,2018-05-23,1.0249737671728978,0.00720645911594405,0.00720645911594405,0.0
OroTitan_Data_v1.0,2018-05-24,1.0303115475129088,0.005207723856907708,0.005207723856907708,0.0
OroTitan_Data_v1.0,2018-05-25,1.0173340021288169,-0.012595748747472307,-0.012595748747472307,0.0
OroTitan_Data_v1.0,2018-05-28,1.0026118470038738,-0.014471309416707082,-0.014471309416707082,0.0
OroTitan_Data_v1.0,2018-05-29,1.0003881711852844,-0.0022178830473971547,-0.0022178830473971547,0.0
OroTitan_Data_v1.0,2018-05-30,0.9942530595944199,-0.006132731041387229,-0.006132731041387229,0.0
OroTitan_Data_v1.0,2018-05-31,0.985105943302524,-0.009199988075095478,-0.009199988075095478,0.0
OroTitan_Data_v1.0,2018-06-01,0.9744091721725271,-0.01085849821810684,-0.01085849821810684,0.0
OroTitan_Data_v1.0,2018-06-04,0.9788158638546223,0.004522424262766315,0.004522424262766315,0.0
OroTitan_Data_v1.0,2018-06-05,0.9737586024550754,-0.005166713767420024,-0.005166713767420024,0.0
OroTitan_Data_v1.0,2018-06-06,0.9688994666322703,-0.00499008256312609,-0.00499008256312609,0.0
OroTitan_Data_v1.0,2018-06-07,0.9711946339716186,0.002368839511622257,0.002368839511622257,0.0
OroTitan_Data_v1.0,2018-06-08,0.9735269578111062,0.002401499923810002,0.002401499923810002,0.0
OroTitan_Data_v1.0,2018-06-11,0.9745441597393234,0.0010448626204501155,0.0010448626204501155,0.0
OroTitan_Data_v1.0,2018-06-12,0.9829292925335995,0.00860415888851973,0.00860415888851973,0.0
OroTitan_Data_v1.0,2018-06-13,0.9677668028641166,-0.015425819318498474,-0.015425819318498474,0.0
OroTitan_Data_v1.0,2018-06-14,0.9880025085316607,0.020909691888227888,0.020909691888227888,0.0
OroTitan_Data_v1.0,2018-06-15,0.9844932682600265,-0.0035518536049564302,-0.0035518536049564302,0.0
OroTitan_Data_v1.0,2018-06-18,0.9642230156002547,-0.020589528962038584,-0.020589528962038584,0.0
OroTitan_Data_v1.0,2018-06-19,0.9618426077807279,-0.0024687315911504646,-0.0024687315911504646,0.0
OroTitan_Data_v1.0,2018-06-20,0.9520864334571153,-0.01014321287567336,-0.01014321287567336,0.0
OroTitan_Data_v1.0,2018-06-21,0.9646614742915736,0.013207877344493912,0.013207877344493912,0.0
OroTitan_Data_v1.0,2018-06-22,0.9722058956107024,0.007820796745997522,0.007820796745997522,0.0
OroTitan_Data_v1.0,2018-06-25,0.9538174585586463,-0.018914138594587643,-0.018914138594587643,0.0
OroTitan_Data_v1.0,2018-06-26,0.9750132572728347,0.02222207040141444,0.02222207040141444,0.0
OroTitan_Data_v1.0,2018-06-27,0.9500755365140571,-0.025576801723219373,-0.025576801723219373,0.0
OroTitan_Data_v1.0,2018-06-28,0.9445033264691919,-0.0058650179177439634,-0.0058650179177439634,0.0
OroTitan_Data_v1.0,2018-06-29,0.9480836272097124,0.0037906703345395023,0.0037906703345395023,0.0
OroTitan_Data_v1.0,2018-07-02,0.9478879309902535,-0.0002064124027063574,-0.0002064124027063574,0.0
OroTitan_Data_v1.0,2018-07-03,0.9169815680749064,-0.03260550314535533,-0.03260550314535533,0.0
OroTitan_Data_v1.0,2018-07-04,0.9123170395370137,-0.005086829114444801,-0.005086829114444801,0.0
OroTitan_Data_v1.0,2018-07-05,0.9043158547903474,-0.00877018010178432,-0.00877018010178432,0.0
OroTitan_Data_v1.0,2018-07-06,0.8844435084659636,-0.021975005988356666,-0.021975005988356666,0.0
OroTitan_Data_v1.0,2018-07-09,0.8854386786856511,0.0011251936502009912,0.0011251936502009912,0.0
OroTitan_Data_v1.0,2018-07-10,0.8934899373103261,0.009092960154650626,0.009092960154650626,0.0
OroTitan_Data_v1.0,2018-07-11,0.8988113586496497,0.005955770867820471,0.005955770867820471,0.0
OroTitan_Data_v1.0,2018-07-12,0.9088564196721342,0.011175939117609723,0.011175939117609723,0.0
OroTitan_Data_v1.0,2018-07-13,0.9176800646284644,0.009708513650058499,0.009708513650058499,0.0
OroTitan_Data_v1.0,2018-07-16,0.9288500403538771,0.012171971644535057,0.012171971644535057,0.0
OroTitan_Data_v1.0,2018-07-17,0.9243604254313453,-0.00483351965062225,-0.00483351965062225,0.0
OroTitan_Data_v1.0,2018-07-18,0.9009888960277083,-0.025284000440337996,-0.025284000440337996,0.0
OroTitan_Data_v1.0,2018-07-19,0.9064564309804676,0.006068371071901835,0.006068371071901835,0.0
OroTitan_Data_v1.0,2018-07-20,0.8933194715381717,-0.014492654024293523,-0.014492654024293523,0.0
OroTitan_Data_v1.0,2018-07-23,0.9037047948569732,0.011625542316814525,0.011625542316814525,0.0
OroTitan_Data_v1.0,2018-07-24,0.8963257768157156,-0.008165296989959454,-0.008165296989959454,0.0
OroTitan_Data_v1.0,2018-07-25,0.8997237263306043,0.003790976007585268,0.003790976007585268,0.0
OroTitan_Data_v1.0,2018-07-26,0.9121193977706357,0.013777197463253971,0.013777197463253971,0.0
OroTitan_Data_v1.0,2018-07-27,0.9106215791831153,-0.0016421299570881977,-0.0016421299570881977,0.0
OroTitan_Data_v1.0,2018-07-30,0.9065299552795806,-0.004493220891168733,-0.004493220891168733,0.0
OroTitan_Data_v1.0,2018-07-31,0.8911818226455471,-0.016930640344146115,-0.016930640344146115,0.0
OroTitan_Data_v1.0,2018-08-01,0.8689111451388521,-0.024990049101969558,-0.024990049101969558,0.0
OroTitan_Data_v1.0,2018-08-02,0.8638764212483753,-0.005794290841639811,-0.005794290841639811,0.0
OroTitan_Data_v1.0,2018-08-03,0.8599653437774373,-0.004527357588121356,-0.004527357588121356,0.0
OroTitan_Data_v1.0,2018-08-06,0.8524660936085562,-0.008720409750398006,-0.008720409750398006,0.0
OroTitan_Data_v1.0,2018-08-07,0.8538761310590967,0.0016540686616304998,0.0016540686616304998,0.0
OroTitan_Data_v1.0,2018-08-08,0.8424804583844412,-0.01334581476182143,-0.01334581476182143,0.0
OroTitan_Data_v1.0,2018-08-09,0.8346424411531624,-0.00930350034030362,-0.00930350034030362,0.0
OroTitan_Data_v1.0,2018-08-10,0.8239345411796891,-0.01282932600297563,-0.01282932600297563,0.0
OroTitan_Data_v1.0,2018-08-13,0.8276081758824678,0.004458648738671483,0.004458648738671483,0.0
OroTitan_Data_v1.0,2018-08-14,0.8273787705185723,-0.0002771907897730994,-0.0002771907897730994,0.0
OroTitan_Data_v1.0,2018-08-15,0.8478806420641399,0.024779305773965737,0.024779305773965737,0.0
OroTitan_Data_v1.0,2018-08-16,0.8458108339600799,-0.0024411550416118715,-0.0024411550416118715,0.0
OroTitan_Data_v1.0,2018-08-17,0.8431790249008791,-0.003111581163933213,-0.003111581163933213,0.0
OroTitan_Data_v1.0,2018-08-20,0.8354299713327907,-0.009190282655571683,-0.009190282655571683,0.0
OroTitan_Data_v1.0,2018-08-21,0.8446286259771614,0.011010683073406616,0.011010683073406616,0.0
OroTitan_Data_v1.0,2018-08-22,0.8404997262212359,-0.00488842034112765,-0.00488842034112765,0.0
OroTitan_Data_v1.0,2018-08-23,0.8531939343830443,0.015103167515448823,0.015103167515448823,0.0
OroTitan_Data_v1.0,2018-08-24,0.8438660774000225,-0.01093286837507449,-0.01093286837507449,0.0
OroTitan_Data_v1.0,2018-08-27,0.8452786008661629,0.0016738716058978997,0.0016738716058978997,0.0
OroTitan_Data_v1.0,2018-08-28,0.8411967698949253,-0.004828977058043267,-0.004828977058043267,0.0
OroTitan_Data_v1.0,2018-08-29,0.8395653267049359,-0.0019394311157343207,-0.0019394311157343207,0.0
OroTitan_Data_v1.0,2018-08-30,0.8234565398334428,-0.019187055919419306,-0.019187055919419306,0.0
OroTitan_Data_v1.0,2018-08-31,0.817781236292152,-0.006892049873620168,-0.006892049873620168,0.0
OroTitan_Data_v1.0,2018-09-03,0.82564057074665,0.00961055855247106,0.00961055855247106,0.0
OroTitan_Data_v1.0,2018-09-04,0.8301945141655073,0.005515648794655233,0.005515648794655233,0.0
OroTitan_Data_v1.0,2018-09-05,0.8330072119805145,0.0033879985557775383,0.0033879985557775383,0.0
OroTitan_Data_v1.0,2018-09-06,0.8278155394345977,-0.006232446095602583,-0.006232446095602583,0.0
OroTitan_Data_v1.0,2018-09-07,0.8279696209661023,0.00018613027198040744,0.00018613027198040744,0.0
OroTitan_Data_v1.0,2018-09-10,0.8243417293769238,-0.004381672343177656,-0.004381672343177656,0.0
OroTitan_Data_v1.0,2018-09-11,0.8252377808415486,0.0010869903011001911,0.0010869903011001911,0.0
OroTitan_Data_v1.0,2018-09-12,0.8232573453495164,-0.0023998361902584824,-0.0023998361902584824,0.0
OroTitan_Data_v1.0,2018-09-13,0.8352143603895639,0.014524030799835663,0.014524030799835663,0.0
OroTitan_Data_v1.0,2018-09-14,0.8541606821572264,0.022684382197195003,0.022684382197195003,0.0
OroTitan_Data_v1.0,2018-09-17,0.8695683604821438,0.018038383932639603,0.018038383932639603,0.0
OroTitan_Data_v1.0,2018-09-18,0.8715288219790155,0.0022545225723077378,0.0022545225723077378,0.0
OroTitan_Data_v1.0,2018-09-19,0.8706522983773451,-0.0010057310550900898,-0.0010057310550900898,0.0
OroTitan_Data_v1.0,2018-09-20,0.85119276672745,-0.022350520048200928,-0.022350520048200928,0.0
OroTitan_Data_v1.0,2018-09-21,0.8645893806556576,0.015738636947906743,0.015738636947906743,0.0
OroTitan_Data_v1.0,2018-09-24,0.8843058517323881,0.02280443354714653,0.02280443354714653,0.0
OroTitan_Data_v1.0,2018-09-25,0.8871329482804464,0.0031969669119794966,0.0031969669119794966,0.0
OroTitan_Data_v1.0,2018-09-26,0.8838156896491814,-0.00373930270281908,-0.00373930270281908,0.0
OroTitan_Data_v1.0,2018-09-27,0.8812401633121604,-0.0029140989090647622,-0.0029140989090647622,0.0
OroTitan_Data_v1.0,2018-09-28,0.8662025420230023,-0.017064157893846816,-0.017064157893846816,0.0
OroTitan_Data_v1.0,2018-10-01,0.8636989570983027,-0.0028902996738529394,-0.0028902996738529394,0.0
OroTitan_Data_v1.0,2018-10-02,0.8616298228533841,-0.0023956660221868455,-0.0023956660221868455,0.0
OroTitan_Data_v1.0,2018-10-03,0.8546186281803035,-0.008137130919937544,-0.008137130919937544,0.0
OroTitan_Data_v1.0,2018-10-04,0.856110022696131,0.0017450994708634315,0.0017450994708634315,0.0
OroTitan_Data_v1.0,2018-10-05,0.8556778143289929,-0.0005048514275968197,-0.0005048514275968197,0.0
OroTitan_Data_v1.0,2018-10-08,0.854375225525293,-0.0015222888590625079,-0.0015222888590625079,0.0
OroTitan_Data_v1.0,2018-10-09,0.8512492573119761,-0.0036587767527961335,-0.0036587767527961335,0.0
OroTitan_Data_v1.0,2018-10-10,0.8612803949531558,0.011784019257597311,0.011784019257597311,0.0
OroTitan_Data_v1.0,2018-10-11,0.8775209711535078,0.018856317054837035,0.018856317054837035,0.0
OroTitan_Data_v1.0,2018-10-12,0.8701266576842696,-0.008426366676477708,-0.008426366676477708,0.0
OroTitan_Data_v1.0,2018-10-15,0.8814389748242051,0.013000770680951068,0.013000770680951068,0.0
OroTitan_Data_v1.0,2018-10-16,0.8846509229563029,0.0036439824240110203,0.0036439824240110203,0.0
OroTitan_Data_v1.0,2018-10-17,0.8867935309389798,0.0024219812889776,0.0024219812889776,0.0
OroTitan_Data_v1.0,2018-10-18,0.8873834510377541,0.0006652282388096191,0.0006652282388096191,0.0
OroTitan_Data_v1.0,2018-10-19,0.8887599814670389,0.0015512239130391536,0.0015512239130391536,0.0
OroTitan_Data_v1.0,2018-10-22,0.8944761377927973,0.006431608583819118,0.006431608583819118,0.0
OroTitan_Data_v1.0,2018-10-23,0.8935841794473399,-0.000997185176631275,-0.000997185176631275,0.0
OroTitan_Data_v1.0,2018-10-24,0.8956060844446825,0.0022626911306699764,0.0022626911306699764,0.0
OroTitan_Data_v1.0,2018-10-25,0.8810025637992117,-0.016305740770537147,-0.016305740770537147,0.0
OroTitan_Data_v1.0,2018-10-26,0.8773125566500249,-0.004188418173579473,-0.004188418173579473,0.0
OroTitan_Data_v1.0,2018-10-29,0.8926256221713731,0.01745451538938458,0.01745451538938458,0.0
OroTitan_Data_v1.0,2018-10-30,0.8928252373738066,0.00022362701391872263,0.00022362701391872263,0.0
OroTitan_Data_v1.0,2018-10-31,0.916678400754918,0.026716497677948887,0.026716497677948887,0.0
OroTitan_Data_v1.0,2018-11-01,0.9138649641737581,-0.003069164255253461,-0.003069164255253461,0.0
OroTitan_Data_v1.0,2018-11-02,0.8962022540163415,-0.019327483654421274,-0.019327483654421274,0.0
OroTitan_Data_v1.0,2018-11-05,0.9008893207085428,0.005229920669353533,0.005229920669353533,0.0
OroTitan_Data_v1.0,2018-11-06,0.9070766505455167,0.006868024400719614,0.006868024400719614,0.0
OroTitan_Data_v1.0,2018-11-07,0.9013380003809355,-0.006326532781027942,-0.006326532781027942,0.0
OroTitan_Data_v1.0,2018-11-08,0.9126736792256139,0.012576501645207072,0.012576501645207072,0.0
OroTitan_Data_v1.0,2018-11-09,0.9153996330439593,0.002986778166604124,0.002986778166604124,0.0
OroTitan_Data_v1.0,2018-11-12,0.9192447184669434,0.004200444575445253,0.004200444575445253,0.0
OroTitan_Data_v1.0,2018-11-13,0.9387269807910272,0.02119377129147393,0.02119377129147393,0.0
OroTitan_Data_v1.0,2018-11-14,0.9546631834622741,0.01697639782103414,0.01697639782103414,0.0
OroTitan_Data_v1.0,2018-11-15,0.9494557002504819,-0.005454785836514782,-0.005454785836514782,0.0
OroTitan_Data_v1.0,2018-11-16,0.9390908290107739,-0.010916645439037882,-0.010916645439037882,0.0
OroTitan_Data_v1.0,2018-11-19,0.9324707337254782,-0.007049472831365217,-0.007049472831365217,0.0
OroTitan_Data_v1.0,2018-11-20,0.9309894741684452,-0.001588531954364813,-0.001588531954364813,0.0
OroTitan_Data_v1.0,2018-11-21,0.9317350726931037,0.0008008667609530338,0.0008008667609530338,0.0
OroTitan_Data_v1.0,2018-11-22,0.9456937592514923,0.01498139006192208,0.01498139006192208,0.0
OroTitan_Data_v1.0,2018-11-23,0.9416739304011545,-0.004250666572569376,-0.004250666572569376,0.0
OroTitan_Data_v1.0,2018-11-26,0.9359746602740971,-0.006052275573381874,-0.006052275573381874,0.0
OroTitan_Data_v1.0,2018-11-27,0.9015419352043925,-0.03678809537388661,-0.03678809537388661,0.0
OroTitan_Data_v1.0,2018-11-28,0.8867044444394878,-0.016457904158990472,-0.016457904158990472,0.0
OroTitan_Data_v1.0,2018-11-29,0.8825645132657223,-0.004668896383374384,-0.004668896383374384,0.0
OroTitan_Data_v1.0,2018-11-30,0.8604581525498004,-0.025047869457296052,-0.025047869457296052,0.0
OroTitan_Data_v1.0,2018-12-03,0.8648766472806856,0.005135048947809768,0.005135048947809768,0.0
OroTitan_Data_v1.0,2018-12-04,0.8609715367116477,-0.004515222582684071,-0.004515222582684071,0.0
OroTitan_Data_v1.0,2018-12-05,0.8661314106769858,0.005993083098943641,0.005993083098943641,0.0
OroTitan_Data_v1.0,2018-12-06,0.8555137434925846,-0.012258725469963315,-0.012258725469963315,0.0
OroTitan_Data_v1.0,2018-12-07,0.8719735950049161,0.01923972775134512,0.01923972775134512,0.0
OroTitan_Data_v1.0,2018-12-10,0.8620148841544455,-0.011420885801495435,-0.011420885801495435,0.0
OroTitan_Data_v1.0,2018-12-11,0.8567322203307606,-0.006128274488980272,-0.006128274488980272,0.0
OroTitan_Data_v1.0,2018-12-12,0.8815919909661369,0.029016967081941493,0.029016967081941493,0.0
OroTitan_Data_v1.0,2018-12-13,0.8826669497349944,0.0012193381744307228,0.0012193381744307228,0.0
OroTitan_Data_v1.0,2018-12-14,0.8702121807846777,-0.014110383258437534,-0.014110383258437534,0.0
OroTitan_Data_v1.0,2018-12-17,0.859507888337871,-0.012300784433004123,-0.012300784433004123,0.0
OroTitan_Data_v1.0,2018-12-18,0.8635801007698192,0.004737841836243076,0.004737841836243076,0.0
OroTitan_Data_v1.0,2018-12-19,0.8831628837395611,0.02267627861304966,0.02267627861304966,0.0
OroTitan_Data_v1.0,2018-12-20,0.884377336396207,0.0013751174092637708,0.0013751174092637708,0.0
OroTitan_Data_v1.0,2018-12-21,0.8923185798001767,0.008979474119418313,0.008979474119418313,0.0
OroTitan_Data_v1.0,2018-12-24,0.8988202625362185,0.0072862796799522496,0.0072862796799522496,0.0
OroTitan_Data_v1.0,2018-12-25,0.8996939890928697,0.0009720815084717227,0.0009720815084717227,0.0
OroTitan_Data_v1.0,2018-12-26,0.8929376870080862,-0.007509555656357765,-0.007509555656357765,0.0
OroTitan_Data_v1.0,2018-12-27,0.9021604068530836,0.010328514496794911,0.010328514496794911,0.0
OroTitan_Data_v1.0,2018-12-28,0.8988866013950703,-0.0036288507377896604,-0.0036288507377896604,0.0
OroTitan_Data_v1.0,2018-12-31,0.8950669319310394,-0.004249334074067579,-0.004249334074067579,0.0
OroTitan_Data_v1.0,2019-01-01,0.8912985348578903,-0.004210184667440497,-0.004210184667440497,0.0
OroTitan_Data_v1.0,2019-01-02,0.8982485855486805,0.007797668703559985,0.007797668703559985,0.0
OroTitan_Data_v1.0,2019-01-03,0.8879565002655125,-0.011457947664767116,-0.011457947664767116,0.0
OroTitan_Data_v1.0,2019-01-04,0.9066831576015265,0.021089611180744074,0.021089611180744074,0.0
OroTitan_Data_v1.0,2019-01-07,0.9156247587793401,0.009861880749464036,0.009861880749464036,0.0
OroTitan_Data_v1.0,2019-01-08,0.9105228750629186,-0.0055720246394636765,-0.0055720246394636765,0.0
OroTitan_Data_v1.0,2019-01-09,0.9093561560457742,-0.0012813725487828363,-0.0012813725487828363,0.0
OroTitan_Data_v1.0,2019-01-10,0.9048520236516482,-0.004953100459243316,-0.004953100459243316,0.0
OroTitan_Data_v1.0,2019-01-11,0.8927587541863219,-0.013364913985076146,-0.013364913985076146,0.0
OroTitan_Data_v1.0,2019-01-14,0.8762629349798587,-0.018477353628974142,-0.018477353628974142,0.0
OroTitan_Data_v1.0,2019-01-15,0.8663228476887558,-0.011343726744908505,-0.011343726744908505,0.0
OroTitan_Data_v1.0,2019-01-16,0.8527785665439263,-0.015634219022347184,-0.015634219022347184,0.0
OroTitan_Data_v1.0,2019-01-17,0.888782606684302,0.04221968228668094,0.04221968228668094,0.0
OroTitan_Data_v1.0,2019-01-18,0.9107530719695758,0.024719729121654245,0.024719729121654245,0.0
OroTitan_Data_v1.0,2019-01-21,0.9132654433079943,0.00275856476990551,0.00275856476990551,0.0
OroTitan_Data_v1.0,2019-01-22,0.9048898075984795,-0.009171085767985384,-0.009171085767985384,0.0
OroTitan_Data_v1.0,2019-01-23,0.8905654830729047,-0.01582991034410101,-0.01582991034410101,0.0
OroTitan_Data_v1.0,2019-01-24,0.8923915176693551,0.002050421480686275,0.002050421480686275,0.0
OroTitan_Data_v1.0,2019-01-25,0.8934239070926323,0.0011568794669559366,0.0011568794669559366,0.0
OroTitan_Data_v1.0,2019-01-28,0.8938586195183581,0.00048656905448211463,0.00048656905448211463,0.0
OroTitan_Data_v1.0,2019-01-29,0.8821464447519253,-0.013102938776541376,-0.013102938776541376,0.0
OroTitan_Data_v1.0,2019-01-30,0.8765305813465385,-0.006366135054782266,-0.006366135054782266,0.0
OroTitan_Data_v1.0,2019-01-31,0.8668626343579914,-0.011029788571318422,-0.011029788571318422,0.0
OroTitan_Data_v1.0,2019-02-01,0.8502214570431018,-0.019197017676525152,-0.019197017676525152,0.0
OroTitan_Data_v1.0,2019-02-04,0.8484820336816346,-0.0020458474048827835,-0.0020458474048827835,0.0
OroTitan_Data_v1.0,2019-02-05,0.8529941811254168,0.005317905700611783,0.005317905700611783,0.0
OroTitan_Data_v1.0,2019-02-06,0.8388108655744722,-0.01662768148339725,-0.01662768148339725,0.0
OroTitan_Data_v1.0,2019-02-07,0.8420992260570292,0.003920264528649205,0.003920264528649205,0.0
OroTitan_Data_v1.0,2019-02-08,0.837664465419841,-0.005266316011182178,-0.005266316011182178,0.0
OroTitan_Data_v1.0,2019-02-11,0.8280864565198492,-0.011434183131059743,-0.011434183131059743,0.0
OroTitan_Data_v1.0,2019-02-12,0.8241491768989876,-0.004754672159968165,-0.004754672159968165,0.0
OroTitan_Data_v1.0,2019-02-13,0.8272390130810764,0.0037491224510044136,0.0037491224510044136,0.0
OroTitan_Data_v1.0,2019-02-14,0.8138057687439174,-0.016238649440778203,-0.016238649440778203,0.0
OroTitan_Data_v1.0,2019-02-15,0.8085694090992388,-0.006434409592304495,-0.006434409592304495,0.0
OroTitan_Data_v1.0,2019-02-18,0.8140025958382248,0.006719505682311944,0.006719505682311944,0.0
OroTitan_Data_v1.0,2019-02-19,0.8207176468559165,0.008249422117354355,0.008249422117354355,0.0
OroTitan_Data_v1.0,2019-02-20,0.8316437912274764,0.013312915121804436,0.013312915121804436,0.0
OroTitan_Data_v1.0,2019-02-21,0.8272943119493744,-0.005229978656706381,-0.005229978656706381,0.0
OroTitan_Data_v1.0,2019-02-22,0.8254376707757917,-0.0022442329733995585,-0.0022442329733995585,0.0
OroTitan_Data_v1.0,2019-02-25,0.8359379398010188,0.012720850279777539,0.012720850279777539,0.0
OroTitan_Data_v1.0,2019-02-26,0.8411082263420498,0.0061850124212113515,0.0061850124212113515,0.0
OroTitan_Data_v1.0,2019-02-27,0.8583757105032818,0.020529443917493968,0.020529443917493968,0.0
OroTitan_Data_v1.0,2019-02-28,0.8534136059135915,-0.005780807318954621,-0.005780807318954621,0.0
OroTitan_Data_v1.0,2019-03-01,0.8488849174351987,-0.005306557625765558,-0.005306557625765558,0.0
OroTitan_Data_v1.0,2019-03-04,0.8563029505004232,0.008738561509182174,0.008738561509182174,0.0
OroTitan_Data_v1.0,2019-03-05,0.8492347708244541,-0.00825429793490536,-0.00825429793490536,0.0
OroTitan_Data_v1.0,2019-03-06,0.8538896653942272,0.005481281183593145,0.005481281183593145,0.0
OroTitan_Data_v1.0,2019-03-07,0.8597375793273706,0.006848559211035183,0.006848559211035183,0.0
OroTitan_Data_v1.0,2019-03-08,0.8678077163769307,0.009386744564398176,0.009386744564398176,0.0
OroTitan_Data_v1.0,2019-03-11,0.8639134068920457,-0.004487525763361126,-0.004487525763361126,0.0
OroTitan_Data_v1.0,2019-03-12,0.8719306149665587,0.009280106096923719,0.009280106096923719,0.0
OroTitan_Data_v1.0,2019-03-13,0.8799894673618772,0.009242538634370263,0.009242538634370263,0.0
OroTitan_Data_v1.0,2019-03-14,0.8686796678959011,-0.012852198674470256,-0.012852198674470256,0.0
OroTitan_Data_v1.0,2019-03-15,0.8645948989532297,-0.0047022729938706416,-0.0047022729938706416,0.0
OroTitan_Data_v1.0,2019-03-18,0.8808316235074052,0.018779574774074548,0.018779574774074548,0.0
OroTitan_Data_v1.0,2019-03-19,0.8816794536344114,0.0009625337060790904,0.0009625337060790904,0.0
OroTitan_Data_v1.0,2019-03-20,0.8801351850872076,-0.0017515079214311573,-0.0017515079214311573,0.0
OroTitan_Data_v1.0,2019-03-21,0.891643764274049,0.01307592217859262,0.01307592217859262,0.0
OroTitan_Data_v1.0,2019-03-22,0.8776654801591758,-0.015676982977898067,-0.015676982977898067,0.0
OroTitan_Data_v1.0,2019-03-25,0.8737490032930877,-0.004462379978050249,-0.004462379978050249,0.0
OroTitan_Data_v1.0,2019-03-26,0.8587731031327486,-0.0171398194491739,-0.0171398194491739,0.0
OroTitan_Data_v1.0,2019-03-27,0.8601682816526761,0.0016246183244888659,0.0016246183244888659,0.0
OroTitan_Data_v1.0,2019-03-28,0.8572815187257066,-0.0033560443793894104,-0.0033560443793894104,0.0
OroTitan_Data_v1.0,2019-03-29,0.8603797365591399,0.0036140028284276076,0.0036140028284276076,0.0
OroTitan_Data_v1.0,2019-04-01,0.8591981159083902,-0.0013733710831862474,-0.0013733710831862474,0.0
OroTitan_Data_v1.0,2019-04-02,0.8609296828606811,0.0020153290844453133,0.0020153290844453133,0.0
OroTitan_Data_v1.0,2019-04-03,0.859146992499854,-0.0020706573327841835,-0.0020706573327841835,0.0
OroTitan_Data_v1.0,2019-04-04,0.860528815156735,0.0016083658197537647,0.0016083658197537647,0.0
OroTitan_Data_v1.0,2019-04-05,0.8608743858283304,0.0004015794305882723,0.0004015794305882723,0.0
OroTitan_Data_v1.0,2019-04-08,0.8756176367384718,0.01712590263207277,0.01712590263207277,0.0
OroTitan_Data_v1.0,2019-04-09,0.8789401773362855,0.003794510821172473,0.003794510821172473,0.0
OroTitan_Data_v1.0,2019-04-10,0.8815193757664798,0.002934441383725043,0.002934441383725043,0.0
OroTitan_Data_v1.0,2019-04-11,0.8804569325931865,-0.0012052408631058424,-0.0012052408631058424,0.0
OroTitan_Data_v1.0,2019-04-12,0.8728674455798701,-0.008619941228656502,-0.008619941228656502,0.0
OroTitan_Data_v1.0,2019-04-15,0.8697871049726245,-0.003528990138014887,-0.003528990138014887,0.0
OroTitan_Data_v1.0,2019-04-16,0.8693639807778284,-0.0004864686914499335,-0.0004864686914499335,0.0
OroTitan_Data_v1.0,2019-04-17,0.8694546173642393,0.00010425620156236559,0.00010425620156236559,0.0
OroTitan_Data_v1.0,2019-04-18,0.8827808578994844,0.015327126073174064,0.015327126073174064,0.0
OroTitan_Data_v1.0,2019-04-19,0.8766653073574785,-0.006927597588100576,-0.006927597588100576,0.0
OroTitan_Data_v1.0,2019-04-22,0.8665982969400335,-0.01148329965034182,-0.01148329965034182,0.0
OroTitan_Data_v1.0,2019-04-23,0.8767654515402573,0.011732257767092486,0.011732257767092486,0.0
OroTitan_Data_v1.0,2019-04-24,0.8734776375424049,-0.0037499356208396577,-0.0037499356208396577,0.0
OroTitan_Data_v1.0,2019-04-25,0.8900057022070113,0.01892213830580617,0.01892213830580617,0.0
OroTitan_Data_v1.0,2019-04-26,0.9010934373066672,0.012458049507054831,0.012458049507054831,0.0
OroTitan_Data_v1.0,2019-04-29,0.894719953324887,-0.0070730555987960075,-0.0070730555987960075,0.0
OroTitan_Data_v1.0,2019-04-30,0.896043965578606,0.0014798063335894618,0.0014798063335894618,0.0
OroTitan_Data_v1.0,2019-05-01,0.9054605658044047,0.010509082798987435,0.010509082798987435,0.0
OroTitan_Data_v1.0,2019-05-02,0.8917340738461544,-0.015159679478758773,-0.015159679478758773,0.0
OroTitan_Data_v1.0,2019-05-03,0.9159050569150721,0.027105595465995114,0.027105595465995114,0.0
OroTitan_Data_v1.0,2019-05-06,0.9172268602099223,0.0014431662811234718,0.0014431662811234718,0.0
OroTitan_Data_v1.0,2019-05-07,0.9368590105555025,0.021403810984217175,0.021403810984217175,0.0
OroTitan_Data_v1.0,2019-05-08,0.9334992945762448,-0.003586148973755939,-0.003586148973755939,0.0
OroTitan_Data_v1.0,2019-05-09,0.9343048782154116,0.0008629718778015993,0.0008629718778015993,0.0
OroTitan_Data_v1.0,2019-05-10,0.9469164979595346,0.013498398689956576,0.013498398689956576,0.0
OroTitan_Data_v1.0,2019-05-13,0.9501710572818203,0.003437007729085654,0.003437007729085654,0.0
OroTitan_Data_v1.0,2019-05-14,0.937600522940788,-0.013229759257236462,-0.013229759257236462,0.0
OroTitan_Data_v1.0,2019-05-15,0.9413720442522833,0.004022524752509563,0.004022524752509563,0.0
OroTitan_Data_v1.0,2019-05-16,0.9399334236658299,-0.0015282168142097818,-0.0015282168142097818,0.0
OroTitan_Data_v1.0,2019-05-17,0.9402600798960774,0.00034753124213153,0.00034753124213153,0.0
OroTitan_Data_v1.0,2019-05-20,0.9392889223507673,-0.0010328605521755514,-0.0010328605521755514,0.0
OroTitan_Data_v1.0,2019-05-21,0.9383206082610579,-0.001030901213319909,-0.001030901213319909,0.0
OroTitan_Data_v1.0,2019-05-22,0.9406215633258391,0.002452205615568211,0.002452205615568211,0.0
OroTitan_Data_v1.0,2019-05-23,0.9438036925324258,0.0033830068655192145,0.0033830068655192145,0.0
OroTitan_Data_v1.0,2019-05-24,0.9378244357444984,-0.006335275900313316,-0.006335275900313316,0.0
OroTitan_Data_v1.0,2019-05-27,0.9516137767456448,0.014703542022979854,0.014703542022979854,0.0
OroTitan_Data_v1.0,2019-05-28,0.9456406658197373,-0.00627682266889266,-0.00627682266889266,0.0
OroTitan_Data_v1.0,2019-05-29,0.9509239324801484,0.00558697066589379,0.00558697066589379,0.0
OroTitan_Data_v1.0,2019-05-30,0.9553124585869727,0.004615012785910662,0.004615012785910662,0.0
OroTitan_Data_v1.0,2019-05-31,0.9609851642853328,0.005938063140881374,0.005938063140881374,0.0
OroTitan_Data_v1.0,2019-06-03,0.9629183668668297,0.0020116882688140008,0.0020116882688140008,0.0
OroTitan_Data_v1.0,2019-06-04,0.9667414148626432,0.003970272171931799,0.003970272171931799,0.0
OroTitan_Data_v1.0,2019-06-05,0.9685444292259038,0.0018650430565414116,0.0018650430565414116,0.0
OroTitan_Data_v1.0,2019-06-06,0.962873985312799,-0.0058546038178515225,-0.0058546038178515225,0.0
OroTitan_Data_v1.0,2019-06-07,0.9794184480699366,0.01718237589705255,0.01718237589705255,0.0
OroTitan_Data_v1.0,2019-06-10,1.0033901954610032,0.02447549097967864,0.02447549097967864,0.0
OroTitan_Data_v1.0,2019-06-11,1.0104365792439924,0.0070225758781226055,0.0070225758781226055,0.0
OroTitan_Data_v1.0,2019-06-12,1.01609943486568,0.005604365219957217,0.005604365219957217,0.0
OroTitan_Data_v1.0,2019-06-13,1.0562438192742318,0.039508322739947824,0.039508322739947824,0.0
OroTitan_Data_v1.0,2019-06-14,1.0387674187069176,-0.016545801498107433,-0.016545801498107433,0.0
OroTitan_Data_v1.0,2019-06-17,1.0374000973384692,-0.0013162921206660112,-0.0013162921206660112,0.0
OroTitan_Data_v1.0,2019-06-18,1.0382976207101178,0.0008651660761853277,0.0008651660761853277,0.0
OroTitan_Data_v1.0,2019-06-19,1.0218944298273196,-0.0157981589821804,-0.0157981589821804,0.0
OroTitan_Data_v1.0,2019-06-20,1.0023491325595706,-0.019126532738858115,-0.019126532738858115,0.0
OroTitan_Data_v1.0,2019-06-21,1.000873269072364,-0.0014724046135877373,-0.0014724046135877373,0.0
OroTitan_Data_v1.0,2019-06-24,0.9902837506087617,-0.010580279033145772,-0.010580279033145772,0.0
OroTitan_Data_v1.0,2019-06-25,0.994354806087192,0.004110998969666564,0.004110998969666564,0.0
OroTitan_Data_v1.0,2019-06-26,1.0064826516011793,0.012196698240651838,0.012196698240651838,0.0
OroTitan_Data_v1.0,2019-06-27,0.9974020808040183,-0.009022083771354678,-0.009022083771354678,0.0
OroTitan_Data_v1.0,2019-06-28,0.9783906660549585,-0.01906093351412937,-0.01906093351412937,0.0
OroTitan_Data_v1.0,2019-07-01,0.9728382473139787,-0.005675052853241251,-0.005675052853241251,0.0
OroTitan_Data_v1.0,2019-07-02,0.9715502944142349,-0.001323912688774187,-0.001323912688774187,0.0
OroTitan_Data_v1.0,2019-07-03,0.9842440113966535,0.013065424461707258,0.013065424461707258,0.0
OroTitan_Data_v1.0,2019-07-04,0.9804869603064409,-0.003817194767465559,-0.003817194767465559,0.0
OroTitan_Data_v1.0,2019-07-05,0.9731413818439186,-0.007491765581692622,-0.007491765581692622,0.0
OroTitan_Data_v1.0,2019-07-08,0.9809224587702241,0.007995833977958852,0.007995833977958852,0.0
OroTitan_Data_v1.0,2019-07-09,0.9802935548282191,-0.0006411352257073375,-0.0006411352257073375,0.0
OroTitan_Data_v1.0,2019-07-10,0.9834060035193929,0.0031750169893947078,0.0031750169893947078,0.0
OroTitan_Data_v1.0,2019-07-11,0.9835974764146825,0.0001947038096212772,0.0001947038096212772,0.0
OroTitan_Data_v1.0,2019-07-12,0.9737111951468626,-0.010051145417591481,-0.010051145417591481,0.0
OroTitan_Data_v1.0,2019-07-15,0.9721669983078317,-0.0015858879375398125,-0.0015858879375398125,0.0
OroTitan_Data_v1.0,2019-07-16,0.9790590102717492,0.007089329277700192,0.007089329277700192,0.0
OroTitan_Data_v1.0,2019-07-17,0.9950640791795331,0.016347399635637434,0.016347399635637434,0.0
OroTitan_Data_v1.0,2019-07-18,0.9762213203123329,-0.018936226582248618,-0.018936226582248618,0.0
OroTitan_Data_v1.0,2019-07-19,0.9691964673045328,-0.0071959635193713884,-0.0071959635193713884,0.0
OroTitan_Data_v1.0,2019-07-22,0.9606255532855524,-0.00884331950034567,-0.00884331950034567,0.0
OroTitan_Data_v1.0,2019-07-23,0.9551827371341917,-0.005665908149897869,-0.005665908149897869,0.0
OroTitan_Data_v1.0,2019-07-24,0.949366878443108,-0.006088739321789808,-0.006088739321789808,0.0
OroTitan_Data_v1.0,2019-07-25,0.9227987226227394,-0.027985130325947738,-0.027985130325947738,0.0
OroTitan_Data_v1.0,2019-07-26,0.9190575132297752,-0.00405419871229462,-0.00405419871229462,0.0
OroTitan_Data_v1.0,2019-07-29,0.9136443901225507,-0.005889863288535208,-0.005889863288535208,0.0
OroTitan_Data_v1.0,2019-07-30,0.8933120923137722,-0.022254060801545905,-0.022254060801545905,0.0
OroTitan_Data_v1.0,2019-07-31,0.8716432702314257,-0.024256720880405754,-0.024256720880405754,0.0
OroTitan_Data_v1.0,2019-08-01,0.8695289895370948,-0.0024256261323162276,-0.0024256261323162276,0.0
OroTitan_Data_v1.0,2019-08-02,0.8758986829419855,0.007325452608867818,0.007325452608867818,0.0
OroTitan_Data_v1.0,2019-08-05,0.8647139670229741,-0.012769417441574334,-0.012769417441574334,0.0
OroTitan_Data_v1.0,2019-08-06,0.8755664172158156,0.012550335263120955,0.012550335263120955,0.0
OroTitan_Data_v1.0,2019-08-07,0.875060559478688,-0.0005777491315121326,-0.0005777491315121326,0.0
OroTitan_Data_v1.0,2019-08-08,0.8770398074506112,0.002261841138288978,0.002261841138288978,0.0
OroTitan_Data_v1.0,2019-08-09,0.8839165456736373,0.007840850739734988,0.007840850739734988,0.0
OroTitan_Data_v1.0,2019-08-12,0.8907929779503287,0.007779503970536986,0.007779503970536986,0.0
OroTitan_Data_v1.0,2019-08-13,0.8869558085828495,-0.004307588252781694,-0.004307588252781694,0.0
OroTitan_Data_v1.0,2019-08-14,0.8993271803387709,0.013948126429982997,0.013948126429982997,0.0
OroTitan_Data_v1.0,2019-08-15,0.8954667098079149,-0.004292620767229397,-0.004292620767229397,0.0
OroTitan_Data_v1.0,2019-08-16,0.9004789174521223,0.005597313210317533,0.005597313210317533,0.0
OroTitan_Data_v1.0,2019-08-19,0.9004503947194863,-3.1675069880257936e-05,-3.1675069880257936e-05,0.0
OroTitan_Data_v1.0,2019-08-20,0.9075794552559753,0.007917216293419387,0.007917216293419387,0.0
OroTitan_Data_v1.0,2019-08-21,0.9138366661660484,0.006894394616180873,0.006894394616180873,0.0
OroTitan_Data_v1.0,2019-08-22,0.9024340682244005,-0.012477719885640911,-0.012477719885640911,0.0
OroTitan_Data_v1.0,2019-08-23,0.9044345004706319,0.0022167073658547008,0.0022167073658547008,0.0
OroTitan_Data_v1.0,2019-08-26,0.8851839666416721,-0.021284608027383484,-0.021284608027383484,0.0
OroTitan_Data_v1.0,2019-08-27,0.8809227212060817,-0.004813965905592835,-0.004813965905592835,0.0
OroTitan_Data_v1.0,2019-08-28,0.8867312852450864,0.006593727121775232,0.006593727121775232,0.0
OroTitan_Data_v1.0,2019-08-29,0.8734520251469761,-0.01497551774598771,-0.01497551774598771,0.0
OroTitan_Data_v1.0,2019-08-30,0.8704554611033603,-0.003430713945750563,-0.003430713945750563,0.0
OroTitan_Data_v1.0,2019-09-02,0.8619664687008282,-0.009752356992248263,-0.009752356992248263,0.0
OroTitan_Data_v1.0,2019-09-03,0.857188130681115,-0.00554353120825594,-0.00554353120825594,0.0
OroTitan_Data_v1.0,2019-09-04,0.8420247994273183,-0.017689618779191358,-0.017689618779191358,0.0
OroTitan_Data_v1.0,2019-09-05,0.8335027912557618,-0.010120851757991711,-0.010120851757991711,0.0
OroTitan_Data_v1.0,2019-09-06,0.8443034094212662,0.01295810677398242,0.01295810677398242,0.0
OroTitan_Data_v1.0,2019-09-09,0.8573997646797842,0.01551143239785672,0.01551143239785672,0.0
OroTitan_Data_v1.0,2019-09-10,0.8635611715176211,0.007186154104133886,0.007186154104133886,0.0
OroTitan_Data_v1.0,2019-09-11,0.8794881090110716,0.018443322857442025,0.018443322857442025,0.0
OroTitan_Data_v1.0,2019-09-12,0.8840125072129107,0.0051443540344469066,0.0051443540344469066,0.0
OroTitan_Data_v1.0,2019-09-13,0.8786388569614315,-0.006078703873117189,-0.006078703873117189,0.0
OroTitan_Data_v1.0,2019-09-16,0.8954894934598051,0.019178114380972833,0.019178114380972833,0.0
OroTitan_Data_v1.0,2019-09-17,0.895429424493511,-6.707947634539569e-05,-6.707947634539569e-05,0.0
OroTitan_Data_v1.0,2019-09-18,0.882813928222467,-0.014088766714562568,-0.014088766714562568,0.0
OroTitan_Data_v1.0,2019-09-19,0.8920145556667691,0.010421932810719754,0.010421932810719754,0.0
OroTitan_Data_v1.0,2019-09-20,0.8967254375406823,0.005281171527959852,0.005281171527959852,0.0
OroTitan_Data_v1.0,2019-09-23,0.8877560344401944,-0.01000239619061897,-0.01000239619061897,0.0
OroTitan_Data_v1.0,2019-09-24,0.8822602662226623,-0.006190628961477743,-0.006190628961477743,0.0
OroTitan_Data_v1.0,2019-09-25,0.9149052647518753,0.03700155133244324,0.03700155133244324,0.0
OroTitan_Data_v1.0,2019-09-26,0.9250169831014401,0.011052202604066547,0.011052202604066547,0.0
OroTitan_Data_v1.0,2019-09-27,0.9127045338754204,-0.013310511537569791,-0.013310511537569791,0.0
OroTitan_Data_v1.0,2019-09-30,0.9253528816343468,0.01385809677664307,0.01385809677664307,0.0
OroTitan_Data_v1.0,2019-10-01,0.9347260395644005,0.010129279452287365,0.010129279452287365,0.0
OroTitan_Data_v1.0,2019-10-02,0.9243875888234033,-0.011060407331558959,-0.011060407331558959,0.0
OroTitan_Data_v1.0,2019-10-03,0.9205247347244625,-0.004178825143961099,-0.004178825143961099,0.0
OroTitan_Data_v1.0,2019-10-04,0.9082365366772429,-0.013349123150827367,-0.013349123150827367,0.0
OroTitan_Data_v1.0,2019-10-07,0.9123044129516992,0.004478873190169745,0.004478873190169745,0.0
OroTitan_Data_v1.0,2019-10-08,0.9263250604851636,0.01536838727777449,0.01536838727777449,0.0
OroTitan_Data_v1.0,2019-10-09,0.913356683750545,-0.013999812039875511,-0.013999812039875511,0.0
OroTitan_Data_v1.0,2019-10-10,0.8982941203256879,-0.016491436141908178,-0.016491436141908178,0.0
OroTitan_Data_v1.0,2019-10-11,0.892968166025246,-0.005928964890153006,-0.005928964890153006,0.0
OroTitan_Data_v1.0,2019-10-14,0.8739760273519047,-0.021268550656042492,-0.021268550656042492,0.0
OroTitan_Data_v1.0,2019-10-15,0.8771609818800351,0.003644212688282337,0.003644212688282337,0.0
OroTitan_Data_v1.0,2019-10-16,0.879716292502048,0.002913160383098745,0.002913160383098745,0.0
OroTitan_Data_v1.0,2019-10-17,0.8938756212540978,0.016095335362925324,0.016095335362925324,0.0
OroTitan_Data_v1.0,2019-10-18,0.8796414441385602,-0.01592411379959909,-0.01592411379959909,0.0
OroTitan_Data_v1.0,2019-10-21,0.893447679877052,0.015695299295512905,0.015695299295512905,0.0
OroTitan_Data_v1.0,2019-10-22,0.8924003186765508,-0.001172269203995639,-0.001172269203995639,0.0
OroTitan_Data_v1.0,2019-10-23,0.8791647931505903,-0.014831376960498039,-0.014831376960498039,0.0
OroTitan_Data_v1.0,2019-10-24,0.8693976151264108,-0.01110961005294316,-0.01110961005294316,0.0
OroTitan_Data_v1.0,2019-10-25,0.8818358393938833,0.014306715421187407,0.014306715421187407,0.0
OroTitan_Data_v1.0,2019-10-28,0.8863708071245262,0.005142643934453776,0.005142643934453776,0.0
OroTitan_Data_v1.0,2019-10-29,0.9015044233045387,0.017073685254941424,0.017073685254941424,0.0
OroTitan_Data_v1.0,2019-10-30,0.8906423380667768,-0.012048842975108219,-0.012048842975108219,0.0
OroTitan_Data_v1.0,2019-10-31,0.8995719886268883,0.01002607913238666,0.01002607913238666,0.0
OroTitan_Data_v1.0,2019-11-01,0.9166533846232802,0.018988359144513946,0.018988359144513946,0.0
OroTitan_Data_v1.0,2019-11-04,0.8972904353691096,-0.021123523437518516,-0.021123523437518516,0.0
OroTitan_Data_v1.0,2019-11-05,0.9033527441463275,0.006756239159870298,0.006756239159870298,0.0
OroTitan_Data_v1.0,2019-11-06,0.9089681222059739,0.0062161521023029,0.0062161521023029,0.0
OroTitan_Data_v1.0,2019-11-07,0.9096129145995155,0.0007093674440164319,0.0007093674440164319,0.0
OroTitan_Data_v1.0,2019-11-08,0.9145354540911108,0.005411686017851579,0.005411686017851579,0.0
OroTitan_Data_v1.0,2019-11-11,0.9211763053263554,0.007261447553003286,0.007261447553003286,0.0
OroTitan_Data_v1.0,2019-11-12,0.9265866560885674,0.00587330647882341,0.00587330647882341,0.0
OroTitan_Data_v1.0,2019-11-13,0.9182631615298315,-0.008982963982961095,-0.008982963982961095,0.0
OroTitan_Data_v1.0,2019-11-14,0.8880420158724401,-0.03291120337120212,-0.03291120337120212,0.0
OroTitan_Data_v1.0,2019-11-15,0.9016251267022418,0.015295572266878906,0.015295572266878906,0.0
OroTitan_Data_v1.0,2019-11-18,0.9042344189024834,0.002893987892490587,0.002893987892490587,0.0
OroTitan_Data_v1.0,2019-11-19,0.8842827252358956,-0.022064735924124834,-0.022064735924124834,0.0
OroTitan_Data_v1.0,2019-11-20,0.8907862221131653,0.007354544753245965,0.007354544753245965,0.0
OroTitan_Data_v1.0,2019-11-21,0.9013335997934577,0.011840526288419138,0.011840526288419138,0.0
OroTitan_Data_v1.0,2019-11-22,0.8999497497123767,-0.0015353361745285747,-0.0015353361745285747,0.0
OroTitan_Data_v1.0,2019-11-25,0.9096026511617803,0.01072604492916255,0.01072604492916255,0.0
OroTitan_Data_v1.0,2019-11-26,0.8960879543123258,-0.014857802835329226,-0.014857802835329226,0.0
OroTitan_Data_v1.0,2019-11-27,0.8925961376504133,-0.0038967342938921084,-0.0038967342938921084,0.0
OroTitan_Data_v1.0,2019-11-28,0.8940485102874113,0.0016271330064468268,0.0016271330064468268,0.0
OroTitan_Data_v1.0,2019-11-29,0.8958354855644951,0.0019987453214472435,0.0019987453214472435,0.0
OroTitan_Data_v1.0,2019-12-02,0.912898649524557,0.019047207031891517,0.019047207031891517,0.0
OroTitan_Data_v1.0,2019-12-03,0.897705749257346,-0.016642483012899018,-0.016642483012899018,0.0
OroTitan_Data_v1.0,2019-12-04,0.9075775132247035,0.010996658955926534,0.010996658955926534,0.0
OroTitan_Data_v1.0,2019-12-05,0.9094025291314698,0.002010865055792177,0.002010865055792177,0.0
OroTitan_Data_v1.0,2019-12-06,0.8979784455695479,-0.012562185826371662,-0.012562185826371662,0.0
OroTitan_Data_v1.0,2019-12-09,0.8959756304774802,-0.002230359873278872,-0.002230359873278872,0.0
OroTitan_Data_v1.0,2019-12-10,0.9093288930540263,0.014903600189918098,0.014903600189918098,0.0
OroTitan_Data_v1.0,2019-12-11,0.9251218590965823,0.017367716085116815,0.017367716085116815,0.0
OroTitan_Data_v1.0,2019-12-12,0.9359085355899045,0.011659735836158796,0.011659735836158796,0.0
OroTitan_Data_v1.0,2019-12-13,0.933231893071844,-0.002859940278644261,-0.002859940278644261,0.0
OroTitan_Data_v1.0,2019-12-16,0.9176779376989069,-0.01666676362906901,-0.01666676362906901,0.0
OroTitan_Data_v1.0,2019-12-17,0.9108008970794218,-0.007493958759354546,-0.007493958759354546,0.0
OroTitan_Data_v1.0,2019-12-18,0.9130106575308153,0.0024261728973692014,0.0024261728973692014,0.0
OroTitan_Data_v1.0,2019-12-19,0.9089921047190916,-0.004401430343202875,-0.004401430343202875,0.0
OroTitan_Data_v1.0,2019-12-20,0.9013558363157942,-0.008400808283870909,-0.008400808283870909,0.0
OroTitan_Data_v1.0,2019-12-23,0.901122391541961,-0.00025899291315104956,-0.00025899291315104956,0.0
OroTitan_Data_v1.0,2019-12-24,0.9107997484916179,0.01073922592590056,0.01073922592590056,0.0
OroTitan_Data_v1.0,2019-12-25,0.9014461819577834,-0.010269619144411378,-0.010269619144411378,0.0
OroTitan_Data_v1.0,2019-12-26,0.9322331438023541,0.03415285622232803,0.03415285622232803,0.0
OroTitan_Data_v1.0,2019-12-27,0.9330683149685817,0.0008958822927290777,0.0008958822927290777,0.0
OroTitan_Data_v1.0,2019-12-30,0.9432811635699381,0.010945445727304751,0.010945445727304751,0.0
OroTitan_Data_v1.0,2019-12-31,0.9483222606477293,0.005344214718242422,0.005344214718242422,0.0
OroTitan_Data_v1.0,2020-01-01,0.9569838115825661,0.009133552268319356,0.009133552268319356,0.0
OroTitan_Data_v1.0,2020-01-02,0.9721499071459658,0.015847807851963082,0.015847807851963082,0.0
OroTitan_Data_v1.0,2020-01-03,0.9969597969413903,0.025520642046103006,0.025520642046103006,0.0
OroTitan_Data_v1.0,2020-01-06,1.0012436843050048,0.004296950967087487,0.004296950967087487,0.0
OroTitan_Data_v1.0,2020-01-07,1.0148551814922193,0.01359458980923578,0.01359458980923578,0.0
OroTitan_Data_v1.0,2020-01-08,1.0171595292056153,0.002270617281578735,0.002270617281578735,0.0
OroTitan_Data_v1.0,2020-01-09,1.015942562507761,-0.0011964364122949063,-0.0011964364122949063,0.0
OroTitan_Data_v1.0,2020-01-10,1.032334666640488,0.01613487291276061,0.01613487291276061,0.0
OroTitan_Data_v1.0,2020-01-13,1.0552786627839457,0.022225346958582654,0.022225346958582654,0.0
OroTitan_Data_v1.0,2020-01-14,1.0484530864823196,-0.006468032134393176,-0.006468032134393176,0.0
OroTitan_Data_v1.0,2020-01-15,1.042298366739294,-0.005870286255415932,-0.005870286255415932,0.0
OroTitan_Data_v1.0,2020-01-16,1.0603269318513622,0.017296933092650308,0.017296933092650308,0.0
OroTitan_Data_v1.0,2020-01-17,1.0642547005880418,0.0037042997010570122,0.0037042997010570122,0.0
OroTitan_Data_v1.0,2020-01-20,1.073931236719622,0.009092312325455229,0.009092312325455229,0.0
OroTitan_Data_v1.0,2020-01-21,1.0587769134667675,-0.014111074093667483,-0.014111074093667483,0.0
OroTitan_Data_v1.0,2020-01-22,1.0690370783138738,0.009690582328161446,0.009690582328161446,0.0
OroTitan_Data_v1.0,2020-01-23,1.0299621785924031,-0.03655149153769403,-0.03655149153769403,0.0
OroTitan_Data_v1.0,2020-01-24,1.0291050991717028,-0.0008321464986914551,-0.0008321464986914551,0.0
OroTitan_Data_v1.0,2020-01-27,1.00788867376137,-0.020616383523324695,-0.020616383523324695,0.0
OroTitan_Data_v1.0,2020-01-28,1.011049366716521,0.0031359544336931147,0.0031359544336931147,0.0
OroTitan_Data_v1.0,2020-01-29,1.0064801379170283,-0.00451929346865798,-0.00451929346865798,0.0
OroTitan_Data_v1.0,2020-01-30,0.9923107642383139,-0.014078145355196837,-0.014078145355196837,0.0
OroTitan_Data_v1.0,2020-01-31,0.9732038733356022,-0.01925494672767943,-0.01925494672767943,0.0
OroTitan_Data_v1.0,2020-02-03,0.964249711390858,-0.00920070520686922,-0.00920070520686922,0.0
OroTitan_Data_v1.0,2020-02-04,0.9699882061233468,0.005951253772439658,0.005951253772439658,0.0
OroTitan_Data_v1.0,2020-02-05,0.960104021380108,-0.010190005075156437,-0.010190005075156437,0.0
OroTitan_Data_v1.0,2020-02-06,0.9850339365312242,0.025965848070587695,0.025965848070587695,0.0
OroTitan_Data_v1.0,2020-02-07,0.9861273641785686,0.0011100405851953345,0.0011100405851953345,0.0
OroTitan_Data_v1.0,2020-02-10,1.0054110323617522,0.019554946839191047,0.019554946839191047,0.0
OroTitan_Data_v1.0,2020-02-11,1.01423480561617,0.008776284494999526,0.008776284494999526,0.0
OroTitan_Data_v1.0,2020-02-12,1.02860935632819,0.014172803607629254,0.014172803607629254,0.0
OroTitan_Data_v1.0,2020-02-13,1.0576214986945396,0.0282052094780801,0.0282052094780801,0.0
OroTitan_Data_v1.0,2020-02-14,1.0536348622971283,-0.0037694358542560043,-0.0037694358542560043,0.0
OroTitan_Data_v1.0,2020-02-17,1.0484212313426173,-0.0049482331508510224,-0.0049482331508510224,0.0
OroTitan_Data_v1.0,2020-02-18,1.045101146516963,-0.0031667470348749234,-0.0031667470348749234,0.0
OroTitan_Data_v1.0,2020-02-19,1.0293019478413241,-0.01511738718141627,-0.01511738718141627,0.0
OroTitan_Data_v1.0,2020-02-20,1.0234627900136264,-0.005672929930759148,-0.005672929930759148,0.0
OroTitan_Data_v1.0,2020-02-21,1.0123698780950101,-0.010838607936560662,-0.010838607936560662,0.0
OroTitan_Data_v1.0,2020-02-24,1.0197676341417936,0.007307364834583793,0.007307364834583793,0.0
OroTitan_Data_v1.0,2020-02-25,1.0375179366133045,0.017406222630755492,0.017406222630755492,0.0
OroTitan_Data_v1.0,2020-02-26,1.0420032842689853,0.0043231519161220176,0.0043231519161220176,0.0
OroTitan_Data_v1.0,2020-02-27,1.0573947504086028,0.014771034191523959,0.014771034191523959,0.0
OroTitan_Data_v1.0,2020-02-28,1.0645404681676893,0.006757852501466766,0.006757852501466766,0.0
OroTitan_Data_v1.0,2020-03-02,1.0842861846819434,0.018548582327021276,0.018548582327021276,0.0
OroTitan_Data_v1.0,2020-03-03,1.0775815844388084,-0.0061834231016247845,-0.0061834231016247845,0.0
OroTitan_Data_v1.0,2020-03-04,1.0645328074382852,-0.012109317001105586,-0.012109317001105586,0.0
OroTitan_Data_v1.0,2020-03-05,1.064773377656562,0.00022598666438067294,0.00022598666438067294,0.0
OroTitan_Data_v1.0,2020-03-06,1.0627730562077355,-0.0018786358588611662,-0.0018786358588611662,0.0
OroTitan_Data_v1.0,2020-03-09,1.0647628739012258,0.0018722884268354747,0.0018722884268354747,0.0
OroTitan_Data_v1.0,2020-03-10,1.0828773922382333,0.017012725350421976,0.017012725350421976,0.0
OroTitan_Data_v1.0,2020-03-11,1.0968269523818797,0.012881938660491846,0.012881938660491846,0.0
OroTitan_Data_v1.0,2020-03-12,1.0739828861744378,-0.02082741143243553,-0.02082741143243553,0.0
OroTitan_Data_v1.0,2020-03-13,1.0635102641946188,-0.009751200056011006,-0.009751200056011006,0.0
OroTitan_Data_v1.0,2020-03-16,1.046907985607836,-0.015610830610417754,-0.015610830610417754,0.0
OroTitan_Data_v1.0,2020-03-17,1.0619867315935045,0.014403124432099752,0.014403124432099752,0.0
OroTitan_Data_v1.0,2020-03-18,1.0825010198904639,0.019316896988136247,0.019316896988136247,0.0
OroTitan_Data_v1.0,2020-03-19,1.0973090835669084,0.013679491662689558,0.013679491662689558,0.0
OroTitan_Data_v1.0,2020-03-20,1.0974718554363,0.00014833730243316934,0.00014833730243316934,0.0
OroTitan_Data_v1.0,2020-03-23,1.0572785118652832,-0.03662357569528566,-0.03662357569528566,0.0
OroTitan_Data_v1.0,2020-03-24,1.0537669358291808,-0.003321334914777707,-0.003321334914777707,0.0
OroTitan_Data_v1.0,2020-03-25,1.0432486615359415,-0.009981594540127259,-0.009981594540127259,0.0
OroTitan_Data_v1.0,2020-03-26,1.049128615314822,0.005636195852121902,0.005636195852121902,0.0
OroTitan_Data_v1.0,2020-03-27,1.0435506126342746,-0.005316795861938857,-0.005316795861938857,0.0
OroTitan_Data_v1.0,2020-03-30,1.0662271832341026,0.0217302067818107,0.0217302067818107,0.0
OroTitan_Data_v1.0,2020-03-31,1.0678943407360966,0.0015636043877039017,0.0015636043877039017,0.0
OroTitan_Data_v1.0,2020-04-01,1.0481971385371067,-0.01844489800874175,-0.01844489800874175,0.0
OroTitan_Data_v1.0,2020-04-02,1.0577231966853637,0.00908804059659222,0.00908804059659222,0.0
OroTitan_Data_v1.0,2020-04-03,1.0653858987028624,0.0072445248827970685,0.0072445248827970685,0.0
OroTitan_Data_v1.0,2020-04-06,1.0597762885971445,-0.005265331662966129,-0.005265331662966129,0.0
OroTitan_Data_v1.0,2020-04-07,1.0668410466681768,0.006666273011622369,0.006666273011622369,0.0
OroTitan_Data_v1.0,2020-04-08,1.0725174129749133,0.005320723574017102,0.005320723574017102,0.0
OroTitan_Data_v1.0,2020-04-09,1.0730653979612568,0.0005109334167576005,0.0005109334167576005,0.0
OroTitan_Data_v1.0,2020-04-10,1.043542241935864,-0.02751291401389392,-0.02751291401389392,0.0
OroTitan_Data_v1.0,2020-04-13,1.0397002473614516,-0.003681685723890937,-0.003681685723890937,0.0
OroTitan_Data_v1.0,2020-04-14,1.0424879641910356,0.0026812697569886055,0.0026812697569886055,0.0
OroTitan_Data_v1.0,2020-04-15,1.0400014456968818,-0.0023851771718854664,-0.0023851771718854664,0.0
OroTitan_Data_v1.0,2020-04-16,1.0307812625108808,-0.008865548431831996,-0.008865548431831996,0.0
OroTitan_Data_v1.0,2020-04-17,1.0193124681059214,-0.011126312460339644,-0.011126312460339644,0.0
